user_id,song_id,timestamp,duration_sec
user_7,5a3ddd29-00d2-4fdb-8cd5-1c67aa6ab4fa,2025-03-26 10:52:00,136
user_16,3d281cb4-6350-4b25-87aa-caac36d0cc07,2025-03-22 04:51:00,185
user_7,0361865c-2633-4960-8d52-77234c9b261f,2025-03-21 07:51:00,145
user_3,7fd2e858-92ea-4e41-9678-ce58458c5d77,2025-03-23 02:48:00,58
user_18,3b444d26-c821-41b3-b084-fff866867c1a,2025-03-23 17:14:00,272
user_15,957157d3-47db-4c24-824b-fd40278ff175,2025-03-23 02:12:00,61
user_1,c2756579-8c18-41d5-a28e-315306077904,2025-03-21 05:34:00,181
user_1,76077e62-407b-40d6-8df3-b1646982249d,2025-03-23 18:44:00,267
user_8,561d5f47-c8a6-42ac-a601-832ae98488a9,2025-03-25 16:12:00,196
user_5,ff3c5351-576d-4ca9-bfa4-458396faa262,2025-03-22 13:56:00,270
user_6,e072c1e1-a53d-42f3-8b95-be85ffb81050,2025-03-24 13:42:00,122
user_16,96862068-1db3-4b7f-b00c-ba4c9a11784e,2025-03-20 16:12:00,217
user_13,4ceb01bd-7295-49bf-a8f4-c522a86a9752,2025-03-26 21:48:00,291
user_18,170fbfe0-ba42-4fc2-864d-188f1b22e527,2025-03-24 01:59:00,161
user_4,957157d3-47db-4c24-824b-fd40278ff175,2025-03-22 09:19:00,183
user_4,3b444d26-c821-41b3-b084-fff866867c1a,2025-03-20 03:57:00,183
user_2,8781ff72-5101-4d7c-832d-bfd0bf5d46e7,2025-03-22 18:36:00,298
user_2,ba3f6198-6927-4e9b-a339-6609f681c189,2025-03-27 12:59:00,158
user_20,5fa1a382-a95c-4ff2-b3c9-6aae0a9b38fa,2025-03-23 18:27:00,265
user_5,88c70fb7-9896-4fca-a890-dea089140ea6,2025-03-26 06:43:00,71
user_7,ed81a907-844a-4f0c-9c65-b42c3cf08a29,2025-03-27 07:37:00,111
user_20,33a88bb9-0dd2-4e2a-b792-50ec3d52da17,2025-03-24 05:22:00,126
user_17,9836e119-239e-4bf4-890f-98871ec557eb,2025-03-26 22:51:00,146
user_17,bd721c1f-1f7b-4973-b8c2-7a7126ff2694,2025-03-22 18:44:00,250
user_14,da2cbb0c-c279-4b5d-87ed-f0de5ae1554e,2025-03-22 16:10:00,185
user_7,fdd5de8a-e163-479d-8a6c-6434b6e050dc,2025-03-20 09:07:00,108
user_8,698eaf17-aeec-49fa-800a-d68fce84c42c,2025-03-26 15:29:00,126
user_4,ed81a907-844a-4f0c-9c65-b42c3cf08a29,2025-03-22 20:47:00,50
user_17,ff3c5351-576d-4ca9-bfa4-458396faa262,2025-03-25 11:30:00,124
user_8,1e117fd4-78e9-49c5-b702-675855c7e797,2025-03-26 12:48:00,260
user_14,561d5f47-c8a6-42ac-a601-832ae98488a9,2025-03-23 22:05:00,258
user_3,fa4887cc-b6c5-4286-baa6-f5708c12def0,2025-03-27 22:49:00,275
user_19,569afd09-081f-4c99-9e79-6ecfd5a39fe6,2025-03-24 17:55:00,57
user_17,107103ab-0921-43b3-9c67-80c75433b5e0,2025-03-26 13:23:00,34
user_8,5d565953-5433-45e4-aa70-38c53892e216,2025-03-27 05:12:00,217
user_11,6f3c7854-0cfe-468e-8932-4d45da24d478,2025-03-26 18:56:00,113
user_5,3c5b0931-ef7a-4e04-97b7-0df4d2736b99,2025-03-25 00:59:00,183
user_11,3cecd51a-9e36-435a-86d8-ac0e833110aa,2025-03-22 01:31:00,214
user_1,925dbf18-3933-48c1-b1eb-52f00d38a6c9,2025-03-21 13:27:00,52
user_9,ad4200db-1a54-4d7b-b036-61e0636731c4,2025-03-27 01:18:00,242
user_14,ed81a907-844a-4f0c-9c65-b42c3cf08a29,2025-03-25 06:01:00,97
user_15,5fa1a382-a95c-4ff2-b3c9-6aae0a9b38fa,2025-03-26 03:12:00,75
user_9,01db70b7-66b7-4ca6-8116-ba1c01d89e97,2025-03-26 14:21:00,56
user_12,3c5b0931-ef7a-4e04-97b7-0df4d2736b99,2025-03-21 10:09:00,189
user_9,f7fe76b1-8c65-44ba-bf7a-5f0cb991baec,2025-03-27 20:44:00,128
user_11,9d1071b4-d33b-4fef-a90a-bf63f865aab1,2025-03-20 01:09:00,97
user_19,789458e2-581f-42b2-9449-dc861c2c188f,2025-03-25 00:23:00,171
user_5,76077e62-407b-40d6-8df3-b1646982249d,2025-03-24 23:55:00,161
user_13,bd721c1f-1f7b-4973-b8c2-7a7126ff2694,2025-03-21 02:09:00,132
user_9,d6218190-075c-4ee6-ad19-ab84d7e51169,2025-03-22 10:00:00,49
user_9,01db70b7-66b7-4ca6-8116-ba1c01d89e97,2025-03-26 11:01:00,214
user_14,a3712aba-47f0-458e-af74-d1804caade59,2025-03-20 09:38:00,220
user_12,4c04c629-74e6-4fa7-8fcc-977f1881699a,2025-03-26 16:15:00,74
user_7,99bc5097-cfd2-4a3b-bbd1-ad3fde4ee994,2025-03-27 22:47:00,237
user_19,b0da67e6-d015-4019-8004-5994ea869444,2025-03-27 10:37:00,288
user_17,6c045eef-3221-4a2a-807c-15c18323316e,2025-03-22 21:26:00,179
user_3,01db70b7-66b7-4ca6-8116-ba1c01d89e97,2025-03-24 03:32:00,299
user_1,e019460b-d274-4b70-a16f-4565226cbb36,2025-03-25 22:36:00,208
user_4,9836e119-239e-4bf4-890f-98871ec557eb,2025-03-23 15:30:00,273
user_1,698eaf17-aeec-49fa-800a-d68fce84c42c,2025-03-20 03:07:00,99
user_10,d1709182-bff5-4155-963d-11de8a93bb4b,2025-03-23 05:43:00,186
user_17,d1709182-bff5-4155-963d-11de8a93bb4b,2025-03-23 15:57:00,54
user_7,99bc5097-cfd2-4a3b-bbd1-ad3fde4ee994,2025-03-25 11:48:00,63
user_9,f7fe76b1-8c65-44ba-bf7a-5f0cb991baec,2025-03-25 17:14:00,146
user_4,29bf834d-3279-4931-a0ad-407aba52048f,2025-03-22 09:21:00,282
user_10,a3712aba-47f0-458e-af74-d1804caade59,2025-03-27 01:05:00,212
user_12,698eaf17-aeec-49fa-800a-d68fce84c42c,2025-03-25 15:16:00,172
user_19,da2cbb0c-c279-4b5d-87ed-f0de5ae1554e,2025-03-24 19:55:00,249
user_19,5b2fb3e6-8790-4f3c-a2dc-31f8385384c8,2025-03-26 13:03:00,176
user_3,39451509-ebba-4355-9120-53b0f1ca59d9,2025-03-20 09:17:00,289
user_7,8386a7c7-234f-4c87-8bd6-33f27582a1fe,2025-03-21 22:46:00,253
user_1,9d1071b4-d33b-4fef-a90a-bf63f865aab1,2025-03-26 13:36:00,219
user_5,3b444d26-c821-41b3-b084-fff866867c1a,2025-03-27 23:01:00,283
user_7,fd5e7209-4984-40a3-a5a3-36a0cfc65622,2025-03-23 15:53:00,273
user_5,bd721c1f-1f7b-4973-b8c2-7a7126ff2694,2025-03-21 22:33:00,276
user_15,698eaf17-aeec-49fa-800a-d68fce84c42c,2025-03-20 18:30:00,34
user_12,5aa9bf34-0469-428d-9f0d-50034b2a43a7,2025-03-21 00:45:00,124
user_17,fcfd9761-8b4c-4623-8ec4-1cc54076852f,2025-03-22 02:26:00,112
user_2,bd721c1f-1f7b-4973-b8c2-7a7126ff2694,2025-03-21 17:43:00,102
user_15,1e117fd4-78e9-49c5-b702-675855c7e797,2025-03-24 12:40:00,298
user_16,a372ed0a-e2b5-49fd-838c-7797e5cf3af4,2025-03-26 01:11:00,105
user_15,3d281cb4-6350-4b25-87aa-caac36d0cc07,2025-03-27 01:28:00,118
user_17,561d5f47-c8a6-42ac-a601-832ae98488a9,2025-03-22 13:11:00,220
user_15,5263fecd-efb4-4593-a309-c56e57900757,2025-03-20 21:16:00,296
user_4,d1709182-bff5-4155-963d-11de8a93bb4b,2025-03-23 03:55:00,56
user_4,e8d35b1c-de7d-4cc6-ad98-48fb445e42ea,2025-03-20 19:57:00,166
user_18,ad4200db-1a54-4d7b-b036-61e0636731c4,2025-03-24 13:16:00,155
user_2,e019460b-d274-4b70-a16f-4565226cbb36,2025-03-27 09:19:00,246
user_13,a3712aba-47f0-458e-af74-d1804caade59,2025-03-20 03:16:00,164
user_8,116bc264-53e1-477a-bd9b-bf81d34442ee,2025-03-24 12:09:00,147
user_20,6f3c7854-0cfe-468e-8932-4d45da24d478,2025-03-25 05:11:00,277
user_12,e8d35b1c-de7d-4cc6-ad98-48fb445e42ea,2025-03-20 14:29:00,136
user_13,9d1071b4-d33b-4fef-a90a-bf63f865aab1,2025-03-21 17:25:00,145
user_16,4bf71f65-778f-4d41-99cc-2701ce721346,2025-03-25 17:32:00,268
user_20,5b2fb3e6-8790-4f3c-a2dc-31f8385384c8,2025-03-26 20:57:00,204
user_16,569afd09-081f-4c99-9e79-6ecfd5a39fe6,2025-03-25 19:07:00,94
user_4,4c04c629-74e6-4fa7-8fcc-977f1881699a,2025-03-26 23:42:00,34
user_10,957157d3-47db-4c24-824b-fd40278ff175,2025-03-26 12:07:00,118
user_19,41d4db2b-5d90-47e1-ac91-82da1f6c153f,2025-03-20 00:34:00,97
user_9,8781ff72-5101-4d7c-832d-bfd0bf5d46e7,2025-03-23 00:45:00,39
user_6,c47e53c0-36c1-4fa7-8f19-4b5000555f22,2025-03-25 18:23:00,155
user_3,561d5f47-c8a6-42ac-a601-832ae98488a9,2025-03-21 14:36:00,83
user_17,b4da6eff-3a3f-4c02-bd20-f2f0a214f281,2025-03-24 02:26:00,138
user_5,6c045eef-3221-4a2a-807c-15c18323316e,2025-03-25 04:45:00,57
user_13,3c5b0931-ef7a-4e04-97b7-0df4d2736b99,2025-03-24 00:00:00,60
user_19,0361865c-2633-4960-8d52-77234c9b261f,2025-03-27 09:17:00,31
user_15,e019460b-d274-4b70-a16f-4565226cbb36,2025-03-20 00:30:00,83
user_6,7aaefc55-5b6c-4f4a-a77e-bcb66c50a4a9,2025-03-23 05:44:00,106
user_16,c47e53c0-36c1-4fa7-8f19-4b5000555f22,2025-03-24 17:48:00,192
user_17,f73ce5aa-208c-4f87-a07f-daf8fc75a537,2025-03-25 14:38:00,290
user_17,5d565953-5433-45e4-aa70-38c53892e216,2025-03-27 08:59:00,39
user_10,88c70fb7-9896-4fca-a890-dea089140ea6,2025-03-27 13:57:00,158
user_7,01db70b7-66b7-4ca6-8116-ba1c01d89e97,2025-03-25 12:01:00,89
user_1,5aa9bf34-0469-428d-9f0d-50034b2a43a7,2025-03-27 12:07:00,93
user_6,ad4200db-1a54-4d7b-b036-61e0636731c4,2025-03-25 18:01:00,156
user_3,b4e0f88d-097f-4a0b-b71f-5ddf2f328686,2025-03-24 11:11:00,45
user_7,4c0e8a7a-5704-4743-bcec-717f5b73d70a,2025-03-24 16:37:00,75
user_15,561d5f47-c8a6-42ac-a601-832ae98488a9,2025-03-22 23:13:00,42
user_9,01db70b7-66b7-4ca6-8116-ba1c01d89e97,2025-03-22 01:46:00,170
user_9,ff3c5351-576d-4ca9-bfa4-458396faa262,2025-03-22 21:14:00,137
user_6,d6218190-075c-4ee6-ad19-ab84d7e51169,2025-03-26 08:55:00,111
user_3,76077e62-407b-40d6-8df3-b1646982249d,2025-03-27 18:28:00,147
user_2,561d5f47-c8a6-42ac-a601-832ae98488a9,2025-03-26 14:41:00,46
user_15,476dad78-4f4e-44ec-a41d-fbc7f0fbbe8d,2025-03-22 12:07:00,267
user_9,6f3c7854-0cfe-468e-8932-4d45da24d478,2025-03-26 08:21:00,99
user_20,c4901d5a-bb44-4dc8-803c-f82f174a3e33,2025-03-27 17:31:00,48
user_4,c1038167-518d-4f58-bc04-ebcdbc37173a,2025-03-20 10:29:00,148
user_1,f73ce5aa-208c-4f87-a07f-daf8fc75a537,2025-03-22 04:24:00,162
user_20,ba196b3a-e5c7-4102-8451-530759134eef,2025-03-23 05:44:00,65
user_2,fd5e7209-4984-40a3-a5a3-36a0cfc65622,2025-03-22 08:19:00,257
user_2,fa4887cc-b6c5-4286-baa6-f5708c12def0,2025-03-21 16:58:00,185
user_19,53feab99-b5f7-4364-9db7-a46e69efff13,2025-03-24 00:56:00,169
user_3,9836e119-239e-4bf4-890f-98871ec557eb,2025-03-20 13:18:00,240
user_10,1e117fd4-78e9-49c5-b702-675855c7e797,2025-03-27 12:25:00,198
user_3,0c1d26c5-83c5-463b-9bad-2bc8408c1041,2025-03-24 19:29:00,41
user_9,e072c1e1-a53d-42f3-8b95-be85ffb81050,2025-03-25 18:08:00,78
user_12,72e62db9-4cb4-4f4c-a27c-15b8a18425cf,2025-03-25 15:24:00,33
user_11,170fbfe0-ba42-4fc2-864d-188f1b22e527,2025-03-21 17:51:00,238
user_17,c47e53c0-36c1-4fa7-8f19-4b5000555f22,2025-03-26 13:56:00,274
user_13,fa4887cc-b6c5-4286-baa6-f5708c12def0,2025-03-26 22:57:00,62
user_18,9214b33d-04e8-474e-995a-8dde7b2eef7c,2025-03-20 05:16:00,223
user_11,0361865c-2633-4960-8d52-77234c9b261f,2025-03-20 09:06:00,192
user_13,5aa9bf34-0469-428d-9f0d-50034b2a43a7,2025-03-20 05:09:00,287
user_19,ed81a907-844a-4f0c-9c65-b42c3cf08a29,2025-03-23 12:51:00,49
user_2,5fa1a382-a95c-4ff2-b3c9-6aae0a9b38fa,2025-03-23 06:29:00,150
user_2,daf3dbe5-17b9-4c36-90dc-c83c70334d1e,2025-03-24 15:57:00,263
user_19,c3ba119e-1390-4a2c-8b0a-3da740c8c37d,2025-03-20 18:03:00,173
user_2,ed81a907-844a-4f0c-9c65-b42c3cf08a29,2025-03-24 17:33:00,219
user_14,ad4200db-1a54-4d7b-b036-61e0636731c4,2025-03-20 19:31:00,287
user_2,c47e53c0-36c1-4fa7-8f19-4b5000555f22,2025-03-20 13:53:00,63
user_8,c3ba119e-1390-4a2c-8b0a-3da740c8c37d,2025-03-25 13:34:00,133
user_4,d6218190-075c-4ee6-ad19-ab84d7e51169,2025-03-21 07:17:00,125
user_7,6f3c7854-0cfe-468e-8932-4d45da24d478,2025-03-25 05:19:00,244
user_15,789458e2-581f-42b2-9449-dc861c2c188f,2025-03-26 06:43:00,294
user_17,fa4887cc-b6c5-4286-baa6-f5708c12def0,2025-03-25 19:15:00,291
user_12,e019460b-d274-4b70-a16f-4565226cbb36,2025-03-25 17:49:00,271
user_6,f7fe76b1-8c65-44ba-bf7a-5f0cb991baec,2025-03-24 02:56:00,97
user_12,ed81a907-844a-4f0c-9c65-b42c3cf08a29,2025-03-24 11:45:00,45
user_17,67f571dd-7963-4213-b2cd-76fbbb87557b,2025-03-22 14:44:00,172
user_7,ed81a907-844a-4f0c-9c65-b42c3cf08a29,2025-03-20 09:17:00,210
user_10,88c70fb7-9896-4fca-a890-dea089140ea6,2025-03-23 19:49:00,79
user_2,e019460b-d274-4b70-a16f-4565226cbb36,2025-03-25 13:37:00,161
user_17,3d281cb4-6350-4b25-87aa-caac36d0cc07,2025-03-22 01:57:00,34
user_19,33a88bb9-0dd2-4e2a-b792-50ec3d52da17,2025-03-22 10:54:00,38
user_15,5fa1a382-a95c-4ff2-b3c9-6aae0a9b38fa,2025-03-26 23:49:00,273
user_14,1921fdcd-db7e-45a4-9ccc-c9001f37d982,2025-03-22 12:03:00,261
user_12,789458e2-581f-42b2-9449-dc861c2c188f,2025-03-26 01:54:00,190
user_2,8781ff72-5101-4d7c-832d-bfd0bf5d46e7,2025-03-22 20:16:00,90
user_11,7fd2e858-92ea-4e41-9678-ce58458c5d77,2025-03-23 05:20:00,135
user_3,5263fecd-efb4-4593-a309-c56e57900757,2025-03-27 03:01:00,113
user_6,6f3c7854-0cfe-468e-8932-4d45da24d478,2025-03-21 04:32:00,287
user_17,8d2029d1-1859-4b2c-b053-d41134ed4f0d,2025-03-21 07:52:00,107
user_1,5a3ddd29-00d2-4fdb-8cd5-1c67aa6ab4fa,2025-03-21 09:04:00,71
user_1,eb77dad0-bead-4b5b-930d-4835c1dc3d8e,2025-03-21 23:12:00,120
user_12,ffcc487a-159c-4a5b-891b-63f3e99f2835,2025-03-20 13:30:00,250
user_14,24d3c294-28ad-4cd2-b68b-b87391f3851a,2025-03-20 05:07:00,184
user_8,33a88bb9-0dd2-4e2a-b792-50ec3d52da17,2025-03-22 02:44:00,82
user_4,5b2fb3e6-8790-4f3c-a2dc-31f8385384c8,2025-03-23 16:22:00,228
user_2,3cecd51a-9e36-435a-86d8-ac0e833110aa,2025-03-23 08:46:00,245
user_12,9f91337e-045e-4d13-9889-a092f70a0759,2025-03-21 02:01:00,156
user_16,5263fecd-efb4-4593-a309-c56e57900757,2025-03-23 21:43:00,214
user_20,4c21cf0a-e968-4010-b81e-8b18f53dce6f,2025-03-22 16:24:00,37
user_7,698eaf17-aeec-49fa-800a-d68fce84c42c,2025-03-26 07:13:00,177
user_13,957157d3-47db-4c24-824b-fd40278ff175,2025-03-23 05:01:00,142
user_13,72e62db9-4cb4-4f4c-a27c-15b8a18425cf,2025-03-24 13:53:00,137
user_12,0a50614d-424d-4435-a0cb-91f301686ef2,2025-03-24 10:45:00,88
user_2,fa4887cc-b6c5-4286-baa6-f5708c12def0,2025-03-22 04:52:00,243
user_16,faab0065-481d-4bd9-bf63-f1be93e632c3,2025-03-22 11:00:00,176
user_9,7fd2e858-92ea-4e41-9678-ce58458c5d77,2025-03-23 08:21:00,116
user_19,01db70b7-66b7-4ca6-8116-ba1c01d89e97,2025-03-26 07:06:00,100
user_9,72e62db9-4cb4-4f4c-a27c-15b8a18425cf,2025-03-25 17:18:00,31
user_10,3c5b0931-ef7a-4e04-97b7-0df4d2736b99,2025-03-23 15:25:00,131
user_10,90d2844f-7225-41e7-ad32-0eaf7d0666e8,2025-03-21 16:23:00,174
user_7,7482ac12-43f6-44d3-b9b3-141fffb72a79,2025-03-21 19:14:00,141
user_12,c2756579-8c18-41d5-a28e-315306077904,2025-03-20 12:11:00,112
user_1,116bc264-53e1-477a-bd9b-bf81d34442ee,2025-03-23 01:40:00,141
user_6,4c04c629-74e6-4fa7-8fcc-977f1881699a,2025-03-24 04:53:00,183
user_8,9214b33d-04e8-474e-995a-8dde7b2eef7c,2025-03-24 09:25:00,282
user_12,0451ec5a-c1b9-4481-9c97-27f0daebb4f3,2025-03-27 18:48:00,108
user_19,6c045eef-3221-4a2a-807c-15c18323316e,2025-03-20 21:15:00,92
user_9,3ccce296-50c2-42f4-a0aa-27a7a7a18760,2025-03-22 01:55:00,118
user_9,170fbfe0-ba42-4fc2-864d-188f1b22e527,2025-03-26 01:17:00,161
user_14,76077e62-407b-40d6-8df3-b1646982249d,2025-03-22 14:25:00,65
user_3,ed81a907-844a-4f0c-9c65-b42c3cf08a29,2025-03-23 18:05:00,229
user_2,fd5e7209-4984-40a3-a5a3-36a0cfc65622,2025-03-27 09:12:00,102
user_17,b4e0f88d-097f-4a0b-b71f-5ddf2f328686,2025-03-23 05:27:00,219
user_17,33a88bb9-0dd2-4e2a-b792-50ec3d52da17,2025-03-21 18:28:00,230
user_15,fdd5de8a-e163-479d-8a6c-6434b6e050dc,2025-03-22 10:40:00,249
user_13,107103ab-0921-43b3-9c67-80c75433b5e0,2025-03-23 20:01:00,116
user_13,ad4200db-1a54-4d7b-b036-61e0636731c4,2025-03-24 05:31:00,251
user_8,925dbf18-3933-48c1-b1eb-52f00d38a6c9,2025-03-20 23:40:00,236
user_16,789458e2-581f-42b2-9449-dc861c2c188f,2025-03-24 10:33:00,187
user_16,faab0065-481d-4bd9-bf63-f1be93e632c3,2025-03-27 08:35:00,169
user_2,faab0065-481d-4bd9-bf63-f1be93e632c3,2025-03-21 17:36:00,203
user_20,67f571dd-7963-4213-b2cd-76fbbb87557b,2025-03-21 08:06:00,233
user_19,d6218190-075c-4ee6-ad19-ab84d7e51169,2025-03-22 06:30:00,203
user_2,fdd5de8a-e163-479d-8a6c-6434b6e050dc,2025-03-21 20:01:00,46
user_3,569afd09-081f-4c99-9e79-6ecfd5a39fe6,2025-03-21 02:59:00,44
user_14,5a3ddd29-00d2-4fdb-8cd5-1c67aa6ab4fa,2025-03-26 09:00:00,70
user_2,c2756579-8c18-41d5-a28e-315306077904,2025-03-26 11:51:00,37
user_20,1e117fd4-78e9-49c5-b702-675855c7e797,2025-03-21 07:00:00,281
user_13,0361865c-2633-4960-8d52-77234c9b261f,2025-03-27 01:51:00,72
user_1,41d4db2b-5d90-47e1-ac91-82da1f6c153f,2025-03-21 02:42:00,162
user_4,3ccce296-50c2-42f4-a0aa-27a7a7a18760,2025-03-24 03:34:00,244
user_5,8d2029d1-1859-4b2c-b053-d41134ed4f0d,2025-03-22 07:09:00,172
user_9,5a3ddd29-00d2-4fdb-8cd5-1c67aa6ab4fa,2025-03-27 12:08:00,216
user_19,29bf834d-3279-4931-a0ad-407aba52048f,2025-03-24 22:01:00,210
user_10,72e62db9-4cb4-4f4c-a27c-15b8a18425cf,2025-03-20 02:28:00,67
user_1,4c21cf0a-e968-4010-b81e-8b18f53dce6f,2025-03-20 06:42:00,66
user_2,1ed8b90e-21d6-4a7e-8e65-75b8d6a504dd,2025-03-26 11:37:00,35
user_2,9836e119-239e-4bf4-890f-98871ec557eb,2025-03-22 21:38:00,194
user_7,ad4200db-1a54-4d7b-b036-61e0636731c4,2025-03-21 01:22:00,258
user_2,4ceb01bd-7295-49bf-a8f4-c522a86a9752,2025-03-20 06:18:00,106
user_18,99bc5097-cfd2-4a3b-bbd1-ad3fde4ee994,2025-03-21 11:59:00,151
user_4,1e117fd4-78e9-49c5-b702-675855c7e797,2025-03-20 20:35:00,204
user_5,8386a7c7-234f-4c87-8bd6-33f27582a1fe,2025-03-22 08:52:00,247
user_7,698eaf17-aeec-49fa-800a-d68fce84c42c,2025-03-21 23:03:00,149
user_14,4c21cf0a-e968-4010-b81e-8b18f53dce6f,2025-03-26 10:49:00,156
user_18,88c70fb7-9896-4fca-a890-dea089140ea6,2025-03-20 02:36:00,189
user_15,7482ac12-43f6-44d3-b9b3-141fffb72a79,2025-03-21 09:34:00,250
user_10,c1038167-518d-4f58-bc04-ebcdbc37173a,2025-03-21 08:00:00,252
user_16,39451509-ebba-4355-9120-53b0f1ca59d9,2025-03-21 23:13:00,171
user_15,170fbfe0-ba42-4fc2-864d-188f1b22e527,2025-03-26 18:59:00,95
user_13,7aaefc55-5b6c-4f4a-a77e-bcb66c50a4a9,2025-03-26 04:18:00,175
user_7,d1709182-bff5-4155-963d-11de8a93bb4b,2025-03-21 23:01:00,255
user_9,4ceb01bd-7295-49bf-a8f4-c522a86a9752,2025-03-22 01:01:00,36
user_15,9d1071b4-d33b-4fef-a90a-bf63f865aab1,2025-03-26 00:25:00,247
user_3,3b444d26-c821-41b3-b084-fff866867c1a,2025-03-22 01:25:00,111
user_17,8386a7c7-234f-4c87-8bd6-33f27582a1fe,2025-03-20 09:10:00,41
user_7,da2cbb0c-c279-4b5d-87ed-f0de5ae1554e,2025-03-22 02:01:00,67
user_2,33a88bb9-0dd2-4e2a-b792-50ec3d52da17,2025-03-22 22:54:00,201
user_14,4c04c629-74e6-4fa7-8fcc-977f1881699a,2025-03-25 15:03:00,202
user_20,d346e287-f829-42d0-8ee2-fab3566b0014,2025-03-23 16:52:00,263
user_11,ed8a8921-9e7d-4862-a4d0-4a06de798399,2025-03-24 01:07:00,133
user_6,9836e119-239e-4bf4-890f-98871ec557eb,2025-03-20 06:54:00,169
user_11,c2756579-8c18-41d5-a28e-315306077904,2025-03-20 11:13:00,208
user_5,c47e53c0-36c1-4fa7-8f19-4b5000555f22,2025-03-26 21:09:00,208
user_11,9d1071b4-d33b-4fef-a90a-bf63f865aab1,2025-03-25 16:52:00,152
user_12,3ccce296-50c2-42f4-a0aa-27a7a7a18760,2025-03-27 04:06:00,178
user_9,5fa1a382-a95c-4ff2-b3c9-6aae0a9b38fa,2025-03-25 01:43:00,282
user_6,ad4200db-1a54-4d7b-b036-61e0636731c4,2025-03-26 01:01:00,214
user_7,e019460b-d274-4b70-a16f-4565226cbb36,2025-03-24 14:21:00,264
user_15,0361865c-2633-4960-8d52-77234c9b261f,2025-03-24 20:54:00,233
user_13,f7fe76b1-8c65-44ba-bf7a-5f0cb991baec,2025-03-25 10:22:00,265
user_20,ed81a907-844a-4f0c-9c65-b42c3cf08a29,2025-03-23 00:40:00,182
user_1,4c0e8a7a-5704-4743-bcec-717f5b73d70a,2025-03-20 04:27:00,287
user_19,a372ed0a-e2b5-49fd-838c-7797e5cf3af4,2025-03-25 05:33:00,227
user_13,76077e62-407b-40d6-8df3-b1646982249d,2025-03-24 13:17:00,195
user_4,9d1071b4-d33b-4fef-a90a-bf63f865aab1,2025-03-26 03:25:00,206
user_7,4c04c629-74e6-4fa7-8fcc-977f1881699a,2025-03-24 07:17:00,43
user_7,39451509-ebba-4355-9120-53b0f1ca59d9,2025-03-26 01:49:00,65
user_20,4ceb01bd-7295-49bf-a8f4-c522a86a9752,2025-03-26 08:28:00,140
user_10,4077e7bc-0db4-4a70-b636-a5da499a0fb7,2025-03-26 12:07:00,87
user_13,180fde10-4fa5-4f38-b969-b6883d55b893,2025-03-23 04:24:00,148
user_5,da2cbb0c-c279-4b5d-87ed-f0de5ae1554e,2025-03-27 13:42:00,84
user_2,e019460b-d274-4b70-a16f-4565226cbb36,2025-03-26 09:37:00,99
user_3,ff3c5351-576d-4ca9-bfa4-458396faa262,2025-03-27 11:25:00,247
user_20,33a88bb9-0dd2-4e2a-b792-50ec3d52da17,2025-03-25 10:47:00,209
user_16,9836e119-239e-4bf4-890f-98871ec557eb,2025-03-20 13:31:00,252
user_7,3d281cb4-6350-4b25-87aa-caac36d0cc07,2025-03-23 18:43:00,175
user_19,c4901d5a-bb44-4dc8-803c-f82f174a3e33,2025-03-22 16:54:00,182
user_18,6f3c7854-0cfe-468e-8932-4d45da24d478,2025-03-22 23:38:00,58
user_11,0451ec5a-c1b9-4481-9c97-27f0daebb4f3,2025-03-27 06:30:00,156
user_14,fcfd9761-8b4c-4623-8ec4-1cc54076852f,2025-03-20 12:22:00,293
user_15,957157d3-47db-4c24-824b-fd40278ff175,2025-03-21 15:40:00,76
user_12,5b2fb3e6-8790-4f3c-a2dc-31f8385384c8,2025-03-20 17:36:00,235
user_18,b4da6eff-3a3f-4c02-bd20-f2f0a214f281,2025-03-21 23:37:00,100
user_20,7aaefc55-5b6c-4f4a-a77e-bcb66c50a4a9,2025-03-26 10:32:00,102
user_4,9836e119-239e-4bf4-890f-98871ec557eb,2025-03-23 14:08:00,278
user_7,f73ce5aa-208c-4f87-a07f-daf8fc75a537,2025-03-27 10:24:00,46
user_19,fdd5de8a-e163-479d-8a6c-6434b6e050dc,2025-03-27 18:30:00,33
user_6,bd721c1f-1f7b-4973-b8c2-7a7126ff2694,2025-03-24 04:03:00,84
user_3,a3712aba-47f0-458e-af74-d1804caade59,2025-03-21 03:42:00,180
user_14,67f571dd-7963-4213-b2cd-76fbbb87557b,2025-03-20 19:16:00,140
user_2,c2756579-8c18-41d5-a28e-315306077904,2025-03-23 08:59:00,223
user_10,33a88bb9-0dd2-4e2a-b792-50ec3d52da17,2025-03-25 09:10:00,184
user_2,d1709182-bff5-4155-963d-11de8a93bb4b,2025-03-26 08:53:00,69
user_12,c3ba119e-1390-4a2c-8b0a-3da740c8c37d,2025-03-26 01:46:00,93
user_19,ad4200db-1a54-4d7b-b036-61e0636731c4,2025-03-27 22:25:00,135
user_7,569afd09-081f-4c99-9e79-6ecfd5a39fe6,2025-03-25 23:21:00,297
user_16,5d565953-5433-45e4-aa70-38c53892e216,2025-03-24 03:50:00,247
user_12,96862068-1db3-4b7f-b00c-ba4c9a11784e,2025-03-26 15:46:00,219
user_7,f73ce5aa-208c-4f87-a07f-daf8fc75a537,2025-03-21 05:39:00,131
user_2,c2756579-8c18-41d5-a28e-315306077904,2025-03-24 08:43:00,64
user_7,c47e53c0-36c1-4fa7-8f19-4b5000555f22,2025-03-23 06:01:00,202
user_18,ffcc487a-159c-4a5b-891b-63f3e99f2835,2025-03-27 07:12:00,290
user_7,0a50614d-424d-4435-a0cb-91f301686ef2,2025-03-23 02:40:00,121
user_3,f7fe76b1-8c65-44ba-bf7a-5f0cb991baec,2025-03-25 06:21:00,286
user_6,fd5e7209-4984-40a3-a5a3-36a0cfc65622,2025-03-20 23:01:00,110
user_13,d6218190-075c-4ee6-ad19-ab84d7e51169,2025-03-26 02:21:00,269
user_6,fcfd9761-8b4c-4623-8ec4-1cc54076852f,2025-03-27 11:57:00,153
user_12,2738a72b-0ff8-4ff6-b880-fb63bd1a8ae3,2025-03-23 10:53:00,106
user_20,72e62db9-4cb4-4f4c-a27c-15b8a18425cf,2025-03-26 09:56:00,226
user_10,5fa1a382-a95c-4ff2-b3c9-6aae0a9b38fa,2025-03-27 23:03:00,145
user_2,01db70b7-66b7-4ca6-8116-ba1c01d89e97,2025-03-23 07:15:00,257
user_5,0a50614d-424d-4435-a0cb-91f301686ef2,2025-03-20 05:41:00,208
user_19,6f3c7854-0cfe-468e-8932-4d45da24d478,2025-03-26 20:28:00,63
user_17,8386a7c7-234f-4c87-8bd6-33f27582a1fe,2025-03-22 16:09:00,45
user_19,569afd09-081f-4c99-9e79-6ecfd5a39fe6,2025-03-27 23:29:00,145
user_15,9836e119-239e-4bf4-890f-98871ec557eb,2025-03-26 09:36:00,119
user_9,c4300421-b339-4607-b218-ccb26d9fbe67,2025-03-23 18:02:00,281
user_15,4ceb01bd-7295-49bf-a8f4-c522a86a9752,2025-03-25 06:01:00,77
user_13,7fd2e858-92ea-4e41-9678-ce58458c5d77,2025-03-20 05:36:00,92
user_15,ba3f6198-6927-4e9b-a339-6609f681c189,2025-03-27 02:06:00,83
user_17,5fa1a382-a95c-4ff2-b3c9-6aae0a9b38fa,2025-03-21 17:48:00,86
user_16,789458e2-581f-42b2-9449-dc861c2c188f,2025-03-25 13:34:00,32
user_20,4077e7bc-0db4-4a70-b636-a5da499a0fb7,2025-03-23 04:49:00,183
user_19,f73ce5aa-208c-4f87-a07f-daf8fc75a537,2025-03-25 02:17:00,34
user_4,4c04c629-74e6-4fa7-8fcc-977f1881699a,2025-03-26 03:14:00,158
user_11,9836e119-239e-4bf4-890f-98871ec557eb,2025-03-23 10:46:00,139
user_19,0a50614d-424d-4435-a0cb-91f301686ef2,2025-03-21 20:37:00,163
user_2,b0da67e6-d015-4019-8004-5994ea869444,2025-03-25 02:10:00,211
user_8,ba196b3a-e5c7-4102-8451-530759134eef,2025-03-25 09:02:00,47
user_2,01db70b7-66b7-4ca6-8116-ba1c01d89e97,2025-03-27 15:34:00,290
user_6,0c1d26c5-83c5-463b-9bad-2bc8408c1041,2025-03-23 01:17:00,178
user_3,8781ff72-5101-4d7c-832d-bfd0bf5d46e7,2025-03-25 18:51:00,242
user_1,0451ec5a-c1b9-4481-9c97-27f0daebb4f3,2025-03-25 15:29:00,94
user_16,569afd09-081f-4c99-9e79-6ecfd5a39fe6,2025-03-22 16:15:00,81
user_14,fd5e7209-4984-40a3-a5a3-36a0cfc65622,2025-03-21 22:21:00,292
user_16,f7fe76b1-8c65-44ba-bf7a-5f0cb991baec,2025-03-25 07:43:00,269
user_14,ff3c5351-576d-4ca9-bfa4-458396faa262,2025-03-20 07:10:00,254
user_4,0451ec5a-c1b9-4481-9c97-27f0daebb4f3,2025-03-26 14:56:00,113
user_10,9836e119-239e-4bf4-890f-98871ec557eb,2025-03-25 07:37:00,237
user_12,bd721c1f-1f7b-4973-b8c2-7a7126ff2694,2025-03-25 09:22:00,220
user_11,9d1071b4-d33b-4fef-a90a-bf63f865aab1,2025-03-20 21:28:00,64
user_12,76077e62-407b-40d6-8df3-b1646982249d,2025-03-27 06:55:00,193
user_11,c4901d5a-bb44-4dc8-803c-f82f174a3e33,2025-03-20 17:35:00,33
user_7,c47e53c0-36c1-4fa7-8f19-4b5000555f22,2025-03-24 22:32:00,266
user_18,4ceb01bd-7295-49bf-a8f4-c522a86a9752,2025-03-26 00:24:00,235
user_11,95b29b49-70d1-473e-a61f-cce28ebca5ba,2025-03-22 11:26:00,241
user_17,c47e53c0-36c1-4fa7-8f19-4b5000555f22,2025-03-24 23:08:00,90
user_7,7482ac12-43f6-44d3-b9b3-141fffb72a79,2025-03-27 00:58:00,197
user_18,67f571dd-7963-4213-b2cd-76fbbb87557b,2025-03-23 19:18:00,83
user_17,9836e119-239e-4bf4-890f-98871ec557eb,2025-03-25 06:46:00,236
user_3,c4300421-b339-4607-b218-ccb26d9fbe67,2025-03-21 18:11:00,146
user_5,d6218190-075c-4ee6-ad19-ab84d7e51169,2025-03-27 21:44:00,298
user_12,170fbfe0-ba42-4fc2-864d-188f1b22e527,2025-03-22 17:46:00,62
user_10,fa4887cc-b6c5-4286-baa6-f5708c12def0,2025-03-20 00:53:00,186
user_7,faab0065-481d-4bd9-bf63-f1be93e632c3,2025-03-21 00:17:00,91
user_18,5263fecd-efb4-4593-a309-c56e57900757,2025-03-27 03:20:00,127
user_11,88c70fb7-9896-4fca-a890-dea089140ea6,2025-03-20 16:57:00,111
user_5,5d565953-5433-45e4-aa70-38c53892e216,2025-03-20 22:09:00,222
user_10,ba196b3a-e5c7-4102-8451-530759134eef,2025-03-20 14:44:00,91
user_10,da2cbb0c-c279-4b5d-87ed-f0de5ae1554e,2025-03-27 11:04:00,178
user_18,b4da6eff-3a3f-4c02-bd20-f2f0a214f281,2025-03-26 12:57:00,273
user_2,2738a72b-0ff8-4ff6-b880-fb63bd1a8ae3,2025-03-23 16:23:00,32
user_8,5aa9bf34-0469-428d-9f0d-50034b2a43a7,2025-03-25 16:34:00,298
user_10,96862068-1db3-4b7f-b00c-ba4c9a11784e,2025-03-20 23:32:00,199
user_5,fa4887cc-b6c5-4286-baa6-f5708c12def0,2025-03-20 03:24:00,186
user_6,ad4200db-1a54-4d7b-b036-61e0636731c4,2025-03-23 15:42:00,116
user_13,7fd2e858-92ea-4e41-9678-ce58458c5d77,2025-03-24 20:01:00,191
user_20,a372ed0a-e2b5-49fd-838c-7797e5cf3af4,2025-03-27 09:16:00,109
user_9,8d2029d1-1859-4b2c-b053-d41134ed4f0d,2025-03-20 16:37:00,101
user_9,b0da67e6-d015-4019-8004-5994ea869444,2025-03-21 17:02:00,237
user_17,5263fecd-efb4-4593-a309-c56e57900757,2025-03-24 14:05:00,63
user_8,b0da67e6-d015-4019-8004-5994ea869444,2025-03-22 08:10:00,210
user_6,ffcc487a-159c-4a5b-891b-63f3e99f2835,2025-03-22 09:06:00,297
user_10,957157d3-47db-4c24-824b-fd40278ff175,2025-03-22 08:33:00,143
user_20,96862068-1db3-4b7f-b00c-ba4c9a11784e,2025-03-20 12:24:00,239
user_15,4077e7bc-0db4-4a70-b636-a5da499a0fb7,2025-03-24 05:14:00,290
user_10,fcfd9761-8b4c-4623-8ec4-1cc54076852f,2025-03-22 08:27:00,56
user_7,d6218190-075c-4ee6-ad19-ab84d7e51169,2025-03-23 12:34:00,247
user_4,41d4db2b-5d90-47e1-ac91-82da1f6c153f,2025-03-26 14:53:00,101
user_13,7fd2e858-92ea-4e41-9678-ce58458c5d77,2025-03-24 22:26:00,280
user_19,569afd09-081f-4c99-9e79-6ecfd5a39fe6,2025-03-27 03:03:00,167
user_8,d346e287-f829-42d0-8ee2-fab3566b0014,2025-03-23 23:06:00,55
user_19,ba3f6198-6927-4e9b-a339-6609f681c189,2025-03-27 15:33:00,141
user_11,90d2844f-7225-41e7-ad32-0eaf7d0666e8,2025-03-24 18:18:00,175
user_4,3cecd51a-9e36-435a-86d8-ac0e833110aa,2025-03-25 19:36:00,33
user_7,d346e287-f829-42d0-8ee2-fab3566b0014,2025-03-26 00:12:00,207
user_13,180fde10-4fa5-4f38-b969-b6883d55b893,2025-03-25 08:17:00,101
user_8,fdd5de8a-e163-479d-8a6c-6434b6e050dc,2025-03-21 20:35:00,213
user_20,29bf834d-3279-4931-a0ad-407aba52048f,2025-03-20 02:51:00,145
user_7,4ceb01bd-7295-49bf-a8f4-c522a86a9752,2025-03-24 05:12:00,133
user_4,476dad78-4f4e-44ec-a41d-fbc7f0fbbe8d,2025-03-24 02:08:00,270
user_4,bd721c1f-1f7b-4973-b8c2-7a7126ff2694,2025-03-22 23:07:00,241
user_5,f7fe76b1-8c65-44ba-bf7a-5f0cb991baec,2025-03-27 05:34:00,233
user_9,fcfd9761-8b4c-4623-8ec4-1cc54076852f,2025-03-20 18:57:00,242
user_7,698eaf17-aeec-49fa-800a-d68fce84c42c,2025-03-27 06:23:00,260
user_10,b0da67e6-d015-4019-8004-5994ea869444,2025-03-20 17:33:00,234
user_10,a3712aba-47f0-458e-af74-d1804caade59,2025-03-26 23:20:00,154
user_4,7482ac12-43f6-44d3-b9b3-141fffb72a79,2025-03-22 13:07:00,294
user_14,90d2844f-7225-41e7-ad32-0eaf7d0666e8,2025-03-23 00:32:00,219
user_11,7fd2e858-92ea-4e41-9678-ce58458c5d77,2025-03-26 11:08:00,111
user_2,d6218190-075c-4ee6-ad19-ab84d7e51169,2025-03-24 23:27:00,297
user_11,4c0e8a7a-5704-4743-bcec-717f5b73d70a,2025-03-27 01:50:00,152
user_7,daf3dbe5-17b9-4c36-90dc-c83c70334d1e,2025-03-20 22:28:00,243
user_9,39451509-ebba-4355-9120-53b0f1ca59d9,2025-03-27 17:20:00,120
user_10,ba196b3a-e5c7-4102-8451-530759134eef,2025-03-20 16:07:00,214
user_10,faab0065-481d-4bd9-bf63-f1be93e632c3,2025-03-26 00:42:00,282
user_19,8d2029d1-1859-4b2c-b053-d41134ed4f0d,2025-03-26 12:01:00,52
user_3,d346e287-f829-42d0-8ee2-fab3566b0014,2025-03-27 00:00:00,178
user_17,9f91337e-045e-4d13-9889-a092f70a0759,2025-03-22 06:32:00,135
user_13,6c045eef-3221-4a2a-807c-15c18323316e,2025-03-25 20:43:00,280
user_12,4c0e8a7a-5704-4743-bcec-717f5b73d70a,2025-03-25 02:40:00,227
user_10,3cecd51a-9e36-435a-86d8-ac0e833110aa,2025-03-24 18:46:00,164
user_1,e8d35b1c-de7d-4cc6-ad98-48fb445e42ea,2025-03-22 05:03:00,143
user_15,e0e510dd-de2a-4f34-b27b-17a41b26c78a,2025-03-26 08:21:00,237
user_17,7fd2e858-92ea-4e41-9678-ce58458c5d77,2025-03-26 14:41:00,266
user_17,96862068-1db3-4b7f-b00c-ba4c9a11784e,2025-03-22 04:40:00,155
user_14,180fde10-4fa5-4f38-b969-b6883d55b893,2025-03-25 18:20:00,165
user_13,ba196b3a-e5c7-4102-8451-530759134eef,2025-03-26 12:09:00,85
user_5,3cecd51a-9e36-435a-86d8-ac0e833110aa,2025-03-26 04:10:00,45
user_5,f7fe76b1-8c65-44ba-bf7a-5f0cb991baec,2025-03-26 09:07:00,43
user_5,ba196b3a-e5c7-4102-8451-530759134eef,2025-03-21 22:07:00,163
user_14,7aaefc55-5b6c-4f4a-a77e-bcb66c50a4a9,2025-03-24 11:55:00,51
user_18,eb77dad0-bead-4b5b-930d-4835c1dc3d8e,2025-03-22 04:28:00,136
user_5,c4901d5a-bb44-4dc8-803c-f82f174a3e33,2025-03-27 12:13:00,221
user_10,a3712aba-47f0-458e-af74-d1804caade59,2025-03-27 23:52:00,270
user_15,b4da6eff-3a3f-4c02-bd20-f2f0a214f281,2025-03-23 13:22:00,268
user_15,c3ba119e-1390-4a2c-8b0a-3da740c8c37d,2025-03-20 14:31:00,209
user_11,9d1071b4-d33b-4fef-a90a-bf63f865aab1,2025-03-23 01:18:00,119
user_12,561d5f47-c8a6-42ac-a601-832ae98488a9,2025-03-26 11:41:00,184
user_13,53feab99-b5f7-4364-9db7-a46e69efff13,2025-03-24 06:50:00,274
user_6,5fa1a382-a95c-4ff2-b3c9-6aae0a9b38fa,2025-03-25 13:17:00,200
user_10,da2cbb0c-c279-4b5d-87ed-f0de5ae1554e,2025-03-27 16:36:00,209
user_6,c3ba119e-1390-4a2c-8b0a-3da740c8c37d,2025-03-23 18:25:00,223
user_16,4077e7bc-0db4-4a70-b636-a5da499a0fb7,2025-03-26 08:57:00,188
user_17,41d4db2b-5d90-47e1-ac91-82da1f6c153f,2025-03-26 12:56:00,255
user_19,67f571dd-7963-4213-b2cd-76fbbb87557b,2025-03-22 17:03:00,201
user_3,24d3c294-28ad-4cd2-b68b-b87391f3851a,2025-03-27 21:04:00,41
user_3,d6218190-075c-4ee6-ad19-ab84d7e51169,2025-03-27 16:47:00,243
user_14,88c70fb7-9896-4fca-a890-dea089140ea6,2025-03-21 00:23:00,175
user_17,bd721c1f-1f7b-4973-b8c2-7a7126ff2694,2025-03-20 15:51:00,227
user_14,39451509-ebba-4355-9120-53b0f1ca59d9,2025-03-21 04:56:00,196
user_16,170fbfe0-ba42-4fc2-864d-188f1b22e527,2025-03-23 02:17:00,215
user_16,33a88bb9-0dd2-4e2a-b792-50ec3d52da17,2025-03-23 16:16:00,173
user_7,3b444d26-c821-41b3-b084-fff866867c1a,2025-03-24 14:16:00,207
user_4,b4e0f88d-097f-4a0b-b71f-5ddf2f328686,2025-03-27 19:58:00,280
user_11,e8d35b1c-de7d-4cc6-ad98-48fb445e42ea,2025-03-22 04:18:00,56
user_15,3c5b0931-ef7a-4e04-97b7-0df4d2736b99,2025-03-20 16:21:00,75
user_6,561d5f47-c8a6-42ac-a601-832ae98488a9,2025-03-25 18:20:00,201
user_10,bd721c1f-1f7b-4973-b8c2-7a7126ff2694,2025-03-27 21:09:00,192
user_7,d1709182-bff5-4155-963d-11de8a93bb4b,2025-03-20 19:04:00,155
user_6,b4e0f88d-097f-4a0b-b71f-5ddf2f328686,2025-03-26 22:44:00,161
user_8,c1038167-518d-4f58-bc04-ebcdbc37173a,2025-03-26 13:35:00,80
user_1,c47e53c0-36c1-4fa7-8f19-4b5000555f22,2025-03-24 13:11:00,99
user_15,f7fe76b1-8c65-44ba-bf7a-5f0cb991baec,2025-03-23 18:38:00,255
user_14,8781ff72-5101-4d7c-832d-bfd0bf5d46e7,2025-03-22 06:39:00,294
user_20,41d4db2b-5d90-47e1-ac91-82da1f6c153f,2025-03-26 22:26:00,54
user_1,e8d35b1c-de7d-4cc6-ad98-48fb445e42ea,2025-03-26 21:54:00,137
user_14,76077e62-407b-40d6-8df3-b1646982249d,2025-03-25 18:39:00,260
user_17,5a3ddd29-00d2-4fdb-8cd5-1c67aa6ab4fa,2025-03-22 16:07:00,293
user_14,1921fdcd-db7e-45a4-9ccc-c9001f37d982,2025-03-27 22:04:00,90
user_7,5b2fb3e6-8790-4f3c-a2dc-31f8385384c8,2025-03-22 09:28:00,217
user_13,9f91337e-045e-4d13-9889-a092f70a0759,2025-03-22 11:33:00,133
user_13,4c04c629-74e6-4fa7-8fcc-977f1881699a,2025-03-26 15:51:00,297
user_3,fa4887cc-b6c5-4286-baa6-f5708c12def0,2025-03-27 08:10:00,121
user_9,3c5b0931-ef7a-4e04-97b7-0df4d2736b99,2025-03-25 22:45:00,55
user_11,a372ed0a-e2b5-49fd-838c-7797e5cf3af4,2025-03-22 13:42:00,83
user_4,d346e287-f829-42d0-8ee2-fab3566b0014,2025-03-26 03:26:00,150
user_12,b4e0f88d-097f-4a0b-b71f-5ddf2f328686,2025-03-23 14:48:00,217
user_8,1921fdcd-db7e-45a4-9ccc-c9001f37d982,2025-03-23 05:34:00,184
user_10,0361865c-2633-4960-8d52-77234c9b261f,2025-03-25 07:27:00,196
user_10,170fbfe0-ba42-4fc2-864d-188f1b22e527,2025-03-20 22:19:00,286
user_20,170fbfe0-ba42-4fc2-864d-188f1b22e527,2025-03-24 10:24:00,211
user_14,476dad78-4f4e-44ec-a41d-fbc7f0fbbe8d,2025-03-26 19:40:00,106
user_11,76077e62-407b-40d6-8df3-b1646982249d,2025-03-24 19:01:00,129
user_2,5d565953-5433-45e4-aa70-38c53892e216,2025-03-21 08:48:00,227
user_11,5aa9bf34-0469-428d-9f0d-50034b2a43a7,2025-03-27 21:08:00,234
user_10,476dad78-4f4e-44ec-a41d-fbc7f0fbbe8d,2025-03-26 02:06:00,258
user_6,116bc264-53e1-477a-bd9b-bf81d34442ee,2025-03-27 23:20:00,200
user_9,0361865c-2633-4960-8d52-77234c9b261f,2025-03-27 08:23:00,51
user_5,f73ce5aa-208c-4f87-a07f-daf8fc75a537,2025-03-20 04:29:00,38
user_2,107103ab-0921-43b3-9c67-80c75433b5e0,2025-03-26 02:21:00,87
user_10,0361865c-2633-4960-8d52-77234c9b261f,2025-03-27 01:29:00,289
user_10,99bc5097-cfd2-4a3b-bbd1-ad3fde4ee994,2025-03-22 09:42:00,206
user_9,bd721c1f-1f7b-4973-b8c2-7a7126ff2694,2025-03-24 06:51:00,174
user_14,eb77dad0-bead-4b5b-930d-4835c1dc3d8e,2025-03-25 07:29:00,232
user_1,96862068-1db3-4b7f-b00c-ba4c9a11784e,2025-03-27 03:35:00,95
user_1,daf3dbe5-17b9-4c36-90dc-c83c70334d1e,2025-03-27 22:36:00,201
user_15,5263fecd-efb4-4593-a309-c56e57900757,2025-03-20 18:29:00,266
user_20,4c21cf0a-e968-4010-b81e-8b18f53dce6f,2025-03-26 01:51:00,79
user_3,e019460b-d274-4b70-a16f-4565226cbb36,2025-03-24 23:24:00,297
user_9,3ccce296-50c2-42f4-a0aa-27a7a7a18760,2025-03-23 07:12:00,124
user_19,c3ba119e-1390-4a2c-8b0a-3da740c8c37d,2025-03-21 08:03:00,63
user_10,a372ed0a-e2b5-49fd-838c-7797e5cf3af4,2025-03-21 23:40:00,138
user_2,4c0e8a7a-5704-4743-bcec-717f5b73d70a,2025-03-21 16:06:00,242
user_7,4ceb01bd-7295-49bf-a8f4-c522a86a9752,2025-03-24 21:21:00,92
user_2,b4e0f88d-097f-4a0b-b71f-5ddf2f328686,2025-03-22 04:05:00,250
user_14,6c045eef-3221-4a2a-807c-15c18323316e,2025-03-25 04:56:00,46
user_20,ed81a907-844a-4f0c-9c65-b42c3cf08a29,2025-03-25 07:29:00,222
user_15,9f91337e-045e-4d13-9889-a092f70a0759,2025-03-20 17:08:00,248
user_15,33a88bb9-0dd2-4e2a-b792-50ec3d52da17,2025-03-21 23:14:00,300
user_19,c3ba119e-1390-4a2c-8b0a-3da740c8c37d,2025-03-22 21:34:00,82
user_17,faab0065-481d-4bd9-bf63-f1be93e632c3,2025-03-24 12:28:00,43
user_2,96862068-1db3-4b7f-b00c-ba4c9a11784e,2025-03-25 16:10:00,225
user_15,3ccce296-50c2-42f4-a0aa-27a7a7a18760,2025-03-26 17:34:00,171
user_1,7aaefc55-5b6c-4f4a-a77e-bcb66c50a4a9,2025-03-22 16:59:00,186
user_20,bd721c1f-1f7b-4973-b8c2-7a7126ff2694,2025-03-21 09:27:00,212
user_13,faab0065-481d-4bd9-bf63-f1be93e632c3,2025-03-20 21:51:00,64
user_7,fdd5de8a-e163-479d-8a6c-6434b6e050dc,2025-03-27 01:29:00,217
user_19,6f3c7854-0cfe-468e-8932-4d45da24d478,2025-03-27 04:46:00,119
user_4,ffcc487a-159c-4a5b-891b-63f3e99f2835,2025-03-26 19:13:00,112
user_20,957157d3-47db-4c24-824b-fd40278ff175,2025-03-27 15:54:00,276
user_12,1e117fd4-78e9-49c5-b702-675855c7e797,2025-03-24 02:15:00,55
user_15,4bf71f65-778f-4d41-99cc-2701ce721346,2025-03-22 07:11:00,150
user_9,3ccce296-50c2-42f4-a0aa-27a7a7a18760,2025-03-21 13:56:00,61
user_8,ba196b3a-e5c7-4102-8451-530759134eef,2025-03-25 04:58:00,198
user_10,99bc5097-cfd2-4a3b-bbd1-ad3fde4ee994,2025-03-21 19:40:00,83
user_5,9d1071b4-d33b-4fef-a90a-bf63f865aab1,2025-03-22 08:45:00,40
user_6,53feab99-b5f7-4364-9db7-a46e69efff13,2025-03-23 19:58:00,69
user_2,ba196b3a-e5c7-4102-8451-530759134eef,2025-03-25 23:23:00,132
user_17,c4901d5a-bb44-4dc8-803c-f82f174a3e33,2025-03-24 14:18:00,272
user_15,2738a72b-0ff8-4ff6-b880-fb63bd1a8ae3,2025-03-23 08:03:00,51
user_16,99bc5097-cfd2-4a3b-bbd1-ad3fde4ee994,2025-03-26 00:51:00,73
user_12,faab0065-481d-4bd9-bf63-f1be93e632c3,2025-03-20 09:48:00,251
user_11,eb77dad0-bead-4b5b-930d-4835c1dc3d8e,2025-03-20 19:19:00,294
user_13,41d4db2b-5d90-47e1-ac91-82da1f6c153f,2025-03-24 10:48:00,195
user_12,c3ba119e-1390-4a2c-8b0a-3da740c8c37d,2025-03-23 00:23:00,299
user_17,476dad78-4f4e-44ec-a41d-fbc7f0fbbe8d,2025-03-25 01:03:00,266
user_8,7aaefc55-5b6c-4f4a-a77e-bcb66c50a4a9,2025-03-20 23:37:00,102
user_16,9d1071b4-d33b-4fef-a90a-bf63f865aab1,2025-03-20 08:43:00,290
user_4,24d3c294-28ad-4cd2-b68b-b87391f3851a,2025-03-22 08:14:00,218
user_20,9214b33d-04e8-474e-995a-8dde7b2eef7c,2025-03-21 13:00:00,49
user_2,4c21cf0a-e968-4010-b81e-8b18f53dce6f,2025-03-25 10:57:00,192
user_2,fdd5de8a-e163-479d-8a6c-6434b6e050dc,2025-03-26 18:54:00,141
user_8,e072c1e1-a53d-42f3-8b95-be85ffb81050,2025-03-24 03:34:00,39
user_18,4ceb01bd-7295-49bf-a8f4-c522a86a9752,2025-03-25 09:27:00,248
user_14,c4300421-b339-4607-b218-ccb26d9fbe67,2025-03-24 08:05:00,240
user_20,eb77dad0-bead-4b5b-930d-4835c1dc3d8e,2025-03-23 22:36:00,112
user_11,9836e119-239e-4bf4-890f-98871ec557eb,2025-03-25 11:33:00,80
user_7,6f3c7854-0cfe-468e-8932-4d45da24d478,2025-03-24 06:29:00,256
user_5,ed8a8921-9e7d-4862-a4d0-4a06de798399,2025-03-22 19:56:00,179
user_18,6f3c7854-0cfe-468e-8932-4d45da24d478,2025-03-23 12:35:00,139
user_11,ba196b3a-e5c7-4102-8451-530759134eef,2025-03-25 20:47:00,42
user_5,f73ce5aa-208c-4f87-a07f-daf8fc75a537,2025-03-24 21:22:00,83
user_13,ba3f6198-6927-4e9b-a339-6609f681c189,2025-03-20 04:07:00,269
user_5,90d2844f-7225-41e7-ad32-0eaf7d0666e8,2025-03-27 04:35:00,274
user_19,c4300421-b339-4607-b218-ccb26d9fbe67,2025-03-20 22:43:00,62
user_3,e072c1e1-a53d-42f3-8b95-be85ffb81050,2025-03-21 03:30:00,138
user_6,116bc264-53e1-477a-bd9b-bf81d34442ee,2025-03-24 13:40:00,171
user_10,0451ec5a-c1b9-4481-9c97-27f0daebb4f3,2025-03-25 05:32:00,122
user_19,96862068-1db3-4b7f-b00c-ba4c9a11784e,2025-03-22 07:10:00,281
user_4,789458e2-581f-42b2-9449-dc861c2c188f,2025-03-21 08:27:00,240
user_7,3b444d26-c821-41b3-b084-fff866867c1a,2025-03-20 23:29:00,64
user_9,5a3ddd29-00d2-4fdb-8cd5-1c67aa6ab4fa,2025-03-24 14:21:00,276
user_20,9214b33d-04e8-474e-995a-8dde7b2eef7c,2025-03-20 12:05:00,46
user_5,1921fdcd-db7e-45a4-9ccc-c9001f37d982,2025-03-27 03:11:00,72
user_17,76077e62-407b-40d6-8df3-b1646982249d,2025-03-21 21:47:00,257
user_5,fd5e7209-4984-40a3-a5a3-36a0cfc65622,2025-03-20 20:03:00,73
user_1,33a88bb9-0dd2-4e2a-b792-50ec3d52da17,2025-03-20 18:14:00,100
user_7,4bf71f65-778f-4d41-99cc-2701ce721346,2025-03-22 21:21:00,42
user_7,4077e7bc-0db4-4a70-b636-a5da499a0fb7,2025-03-24 07:12:00,235
user_7,76077e62-407b-40d6-8df3-b1646982249d,2025-03-22 12:15:00,93
user_11,116bc264-53e1-477a-bd9b-bf81d34442ee,2025-03-25 15:11:00,283
user_18,24d3c294-28ad-4cd2-b68b-b87391f3851a,2025-03-22 15:09:00,206
user_20,96862068-1db3-4b7f-b00c-ba4c9a11784e,2025-03-27 00:01:00,43
user_6,6f3c7854-0cfe-468e-8932-4d45da24d478,2025-03-26 17:40:00,81
user_7,b0da67e6-d015-4019-8004-5994ea869444,2025-03-26 17:05:00,87
user_1,1921fdcd-db7e-45a4-9ccc-c9001f37d982,2025-03-23 23:12:00,279
user_5,d346e287-f829-42d0-8ee2-fab3566b0014,2025-03-21 11:46:00,38
user_16,e019460b-d274-4b70-a16f-4565226cbb36,2025-03-23 15:28:00,244
user_17,3b444d26-c821-41b3-b084-fff866867c1a,2025-03-20 08:25:00,220
user_4,a372ed0a-e2b5-49fd-838c-7797e5cf3af4,2025-03-26 09:07:00,66
user_2,170fbfe0-ba42-4fc2-864d-188f1b22e527,2025-03-21 08:41:00,264
user_10,8386a7c7-234f-4c87-8bd6-33f27582a1fe,2025-03-20 00:18:00,132
user_4,76077e62-407b-40d6-8df3-b1646982249d,2025-03-21 03:24:00,202
user_15,180fde10-4fa5-4f38-b969-b6883d55b893,2025-03-21 19:06:00,235
user_20,e8d35b1c-de7d-4cc6-ad98-48fb445e42ea,2025-03-23 17:34:00,252
user_12,33a88bb9-0dd2-4e2a-b792-50ec3d52da17,2025-03-25 18:36:00,254
user_4,789458e2-581f-42b2-9449-dc861c2c188f,2025-03-24 02:54:00,263
user_4,6169b4c2-fe12-4c3c-b5c6-8e83e41efed9,2025-03-27 19:41:00,134
user_8,f7fe76b1-8c65-44ba-bf7a-5f0cb991baec,2025-03-25 18:11:00,31
user_5,29bf834d-3279-4931-a0ad-407aba52048f,2025-03-20 04:33:00,250
user_6,3cecd51a-9e36-435a-86d8-ac0e833110aa,2025-03-26 16:12:00,277
user_20,41d4db2b-5d90-47e1-ac91-82da1f6c153f,2025-03-26 00:16:00,284
user_17,c1038167-518d-4f58-bc04-ebcdbc37173a,2025-03-23 11:26:00,239
user_6,9836e119-239e-4bf4-890f-98871ec557eb,2025-03-23 20:03:00,120
user_7,ba3f6198-6927-4e9b-a339-6609f681c189,2025-03-21 19:21:00,79
user_11,0a50614d-424d-4435-a0cb-91f301686ef2,2025-03-24 07:49:00,184
user_8,7aaefc55-5b6c-4f4a-a77e-bcb66c50a4a9,2025-03-21 22:46:00,129
user_11,8d2029d1-1859-4b2c-b053-d41134ed4f0d,2025-03-23 14:03:00,215
user_7,8386a7c7-234f-4c87-8bd6-33f27582a1fe,2025-03-25 14:46:00,191
user_7,4c21cf0a-e968-4010-b81e-8b18f53dce6f,2025-03-20 10:22:00,184
user_13,eb77dad0-bead-4b5b-930d-4835c1dc3d8e,2025-03-23 18:54:00,134
user_15,0361865c-2633-4960-8d52-77234c9b261f,2025-03-21 16:16:00,179
user_16,c3ba119e-1390-4a2c-8b0a-3da740c8c37d,2025-03-27 14:25:00,91
user_20,789458e2-581f-42b2-9449-dc861c2c188f,2025-03-23 14:39:00,189
user_19,7fd2e858-92ea-4e41-9678-ce58458c5d77,2025-03-25 07:08:00,149
user_9,4bf71f65-778f-4d41-99cc-2701ce721346,2025-03-27 01:55:00,110
user_10,e072c1e1-a53d-42f3-8b95-be85ffb81050,2025-03-20 06:53:00,32
user_2,daf3dbe5-17b9-4c36-90dc-c83c70334d1e,2025-03-22 07:48:00,123
user_19,76077e62-407b-40d6-8df3-b1646982249d,2025-03-26 06:34:00,123
user_11,5b2fb3e6-8790-4f3c-a2dc-31f8385384c8,2025-03-23 21:58:00,204
user_9,a372ed0a-e2b5-49fd-838c-7797e5cf3af4,2025-03-27 09:53:00,241
user_20,c2756579-8c18-41d5-a28e-315306077904,2025-03-20 12:52:00,211
user_11,5d565953-5433-45e4-aa70-38c53892e216,2025-03-25 09:16:00,292
user_9,180fde10-4fa5-4f38-b969-b6883d55b893,2025-03-26 11:54:00,254
user_6,0361865c-2633-4960-8d52-77234c9b261f,2025-03-23 08:17:00,56
user_15,476dad78-4f4e-44ec-a41d-fbc7f0fbbe8d,2025-03-20 18:34:00,89
user_15,ed81a907-844a-4f0c-9c65-b42c3cf08a29,2025-03-20 14:45:00,212
user_11,9836e119-239e-4bf4-890f-98871ec557eb,2025-03-27 10:51:00,257
user_16,8386a7c7-234f-4c87-8bd6-33f27582a1fe,2025-03-27 01:17:00,281
user_13,4c21cf0a-e968-4010-b81e-8b18f53dce6f,2025-03-20 12:25:00,165
user_13,0451ec5a-c1b9-4481-9c97-27f0daebb4f3,2025-03-22 19:12:00,228
user_16,24d3c294-28ad-4cd2-b68b-b87391f3851a,2025-03-27 13:49:00,277
user_10,c1038167-518d-4f58-bc04-ebcdbc37173a,2025-03-23 05:38:00,283
user_15,c1038167-518d-4f58-bc04-ebcdbc37173a,2025-03-26 16:14:00,82
user_4,180fde10-4fa5-4f38-b969-b6883d55b893,2025-03-25 20:27:00,277
user_7,170fbfe0-ba42-4fc2-864d-188f1b22e527,2025-03-25 13:15:00,36
user_10,e019460b-d274-4b70-a16f-4565226cbb36,2025-03-22 13:38:00,257
user_7,ad4200db-1a54-4d7b-b036-61e0636731c4,2025-03-26 00:37:00,173
user_1,e019460b-d274-4b70-a16f-4565226cbb36,2025-03-27 22:29:00,65
user_12,d1709182-bff5-4155-963d-11de8a93bb4b,2025-03-25 04:54:00,137
user_4,e8d35b1c-de7d-4cc6-ad98-48fb445e42ea,2025-03-26 12:02:00,118
user_19,90d2844f-7225-41e7-ad32-0eaf7d0666e8,2025-03-26 16:47:00,189
user_11,3b444d26-c821-41b3-b084-fff866867c1a,2025-03-21 23:27:00,271
user_2,eb77dad0-bead-4b5b-930d-4835c1dc3d8e,2025-03-25 21:15:00,164
user_4,c3ba119e-1390-4a2c-8b0a-3da740c8c37d,2025-03-22 06:44:00,155
user_5,ff3c5351-576d-4ca9-bfa4-458396faa262,2025-03-27 17:56:00,102
user_20,ba3f6198-6927-4e9b-a339-6609f681c189,2025-03-26 16:58:00,33
user_16,5fa1a382-a95c-4ff2-b3c9-6aae0a9b38fa,2025-03-20 23:57:00,164
user_12,5b2fb3e6-8790-4f3c-a2dc-31f8385384c8,2025-03-23 22:38:00,143
user_14,67f571dd-7963-4213-b2cd-76fbbb87557b,2025-03-27 18:25:00,292
user_11,5d565953-5433-45e4-aa70-38c53892e216,2025-03-20 09:05:00,206
user_19,d1709182-bff5-4155-963d-11de8a93bb4b,2025-03-25 02:43:00,44
user_3,99bc5097-cfd2-4a3b-bbd1-ad3fde4ee994,2025-03-20 20:43:00,184
user_1,95b29b49-70d1-473e-a61f-cce28ebca5ba,2025-03-21 02:47:00,45
user_3,24d3c294-28ad-4cd2-b68b-b87391f3851a,2025-03-20 11:02:00,95
user_7,5b2fb3e6-8790-4f3c-a2dc-31f8385384c8,2025-03-24 13:50:00,118
user_5,e8d35b1c-de7d-4cc6-ad98-48fb445e42ea,2025-03-26 09:28:00,31
user_20,e072c1e1-a53d-42f3-8b95-be85ffb81050,2025-03-25 03:35:00,68
user_3,d6218190-075c-4ee6-ad19-ab84d7e51169,2025-03-24 20:38:00,41
user_18,476dad78-4f4e-44ec-a41d-fbc7f0fbbe8d,2025-03-26 00:39:00,96
user_10,fdd5de8a-e163-479d-8a6c-6434b6e050dc,2025-03-24 19:28:00,95
user_1,eb77dad0-bead-4b5b-930d-4835c1dc3d8e,2025-03-21 22:30:00,184
user_5,c2756579-8c18-41d5-a28e-315306077904,2025-03-23 00:24:00,273
user_12,72e62db9-4cb4-4f4c-a27c-15b8a18425cf,2025-03-23 08:52:00,90
user_8,e072c1e1-a53d-42f3-8b95-be85ffb81050,2025-03-21 02:59:00,168
user_20,39451509-ebba-4355-9120-53b0f1ca59d9,2025-03-25 15:28:00,162
user_12,0a50614d-424d-4435-a0cb-91f301686ef2,2025-03-23 07:29:00,229
user_8,4077e7bc-0db4-4a70-b636-a5da499a0fb7,2025-03-20 06:29:00,210
user_15,8781ff72-5101-4d7c-832d-bfd0bf5d46e7,2025-03-23 16:56:00,122
user_12,6169b4c2-fe12-4c3c-b5c6-8e83e41efed9,2025-03-25 23:57:00,298
user_2,b0da67e6-d015-4019-8004-5994ea869444,2025-03-20 15:24:00,244
user_11,e8d35b1c-de7d-4cc6-ad98-48fb445e42ea,2025-03-21 02:09:00,229
user_16,107103ab-0921-43b3-9c67-80c75433b5e0,2025-03-24 22:07:00,113
user_18,561d5f47-c8a6-42ac-a601-832ae98488a9,2025-03-21 15:19:00,107
user_5,ffcc487a-159c-4a5b-891b-63f3e99f2835,2025-03-22 06:12:00,54
user_19,29bf834d-3279-4931-a0ad-407aba52048f,2025-03-22 16:25:00,178
user_6,ba196b3a-e5c7-4102-8451-530759134eef,2025-03-25 12:20:00,89
user_8,561d5f47-c8a6-42ac-a601-832ae98488a9,2025-03-25 17:37:00,45
user_7,3cecd51a-9e36-435a-86d8-ac0e833110aa,2025-03-22 16:30:00,231
user_19,7482ac12-43f6-44d3-b9b3-141fffb72a79,2025-03-26 06:54:00,101
user_3,0361865c-2633-4960-8d52-77234c9b261f,2025-03-20 09:05:00,78
user_15,99bc5097-cfd2-4a3b-bbd1-ad3fde4ee994,2025-03-23 12:49:00,131
user_9,ffcc487a-159c-4a5b-891b-63f3e99f2835,2025-03-22 08:51:00,232
user_9,107103ab-0921-43b3-9c67-80c75433b5e0,2025-03-22 15:34:00,117
user_17,88c70fb7-9896-4fca-a890-dea089140ea6,2025-03-20 12:15:00,111
user_6,561d5f47-c8a6-42ac-a601-832ae98488a9,2025-03-20 05:24:00,295
user_5,0451ec5a-c1b9-4481-9c97-27f0daebb4f3,2025-03-20 01:07:00,96
user_15,6c045eef-3221-4a2a-807c-15c18323316e,2025-03-27 21:15:00,255
user_2,8d2029d1-1859-4b2c-b053-d41134ed4f0d,2025-03-25 17:15:00,102
user_4,33a88bb9-0dd2-4e2a-b792-50ec3d52da17,2025-03-20 10:23:00,292
user_18,e8d35b1c-de7d-4cc6-ad98-48fb445e42ea,2025-03-21 08:18:00,202
user_19,faab0065-481d-4bd9-bf63-f1be93e632c3,2025-03-23 02:17:00,82
user_3,5fa1a382-a95c-4ff2-b3c9-6aae0a9b38fa,2025-03-21 04:05:00,43
user_8,6f3c7854-0cfe-468e-8932-4d45da24d478,2025-03-25 05:03:00,117
user_9,da2cbb0c-c279-4b5d-87ed-f0de5ae1554e,2025-03-24 23:47:00,33
user_19,8781ff72-5101-4d7c-832d-bfd0bf5d46e7,2025-03-24 16:45:00,75
user_1,569afd09-081f-4c99-9e79-6ecfd5a39fe6,2025-03-25 22:26:00,136
user_14,5a3ddd29-00d2-4fdb-8cd5-1c67aa6ab4fa,2025-03-25 13:27:00,179
user_17,c3ba119e-1390-4a2c-8b0a-3da740c8c37d,2025-03-25 22:32:00,253
user_4,01db70b7-66b7-4ca6-8116-ba1c01d89e97,2025-03-20 09:09:00,167
user_17,5d565953-5433-45e4-aa70-38c53892e216,2025-03-23 22:49:00,77
user_7,f73ce5aa-208c-4f87-a07f-daf8fc75a537,2025-03-24 15:08:00,76
user_4,3d281cb4-6350-4b25-87aa-caac36d0cc07,2025-03-20 00:59:00,43
user_20,01db70b7-66b7-4ca6-8116-ba1c01d89e97,2025-03-27 00:17:00,207
user_6,29bf834d-3279-4931-a0ad-407aba52048f,2025-03-21 03:21:00,138
user_12,eb77dad0-bead-4b5b-930d-4835c1dc3d8e,2025-03-21 23:04:00,283
user_5,fdd5de8a-e163-479d-8a6c-6434b6e050dc,2025-03-24 20:58:00,270
user_6,569afd09-081f-4c99-9e79-6ecfd5a39fe6,2025-03-26 10:05:00,285
user_11,4c04c629-74e6-4fa7-8fcc-977f1881699a,2025-03-20 02:13:00,242
user_7,8386a7c7-234f-4c87-8bd6-33f27582a1fe,2025-03-24 02:30:00,37
user_14,ffcc487a-159c-4a5b-891b-63f3e99f2835,2025-03-27 18:37:00,206
user_3,67f571dd-7963-4213-b2cd-76fbbb87557b,2025-03-26 21:11:00,39
user_4,90d2844f-7225-41e7-ad32-0eaf7d0666e8,2025-03-20 15:47:00,112
user_6,957157d3-47db-4c24-824b-fd40278ff175,2025-03-27 10:36:00,122
user_16,925dbf18-3933-48c1-b1eb-52f00d38a6c9,2025-03-26 04:57:00,217
user_8,116bc264-53e1-477a-bd9b-bf81d34442ee,2025-03-25 06:26:00,52
user_16,561d5f47-c8a6-42ac-a601-832ae98488a9,2025-03-24 12:28:00,198
user_17,c4901d5a-bb44-4dc8-803c-f82f174a3e33,2025-03-25 16:11:00,261
user_8,3ccce296-50c2-42f4-a0aa-27a7a7a18760,2025-03-24 16:09:00,221
user_9,e019460b-d274-4b70-a16f-4565226cbb36,2025-03-21 17:18:00,187
user_19,fcfd9761-8b4c-4623-8ec4-1cc54076852f,2025-03-23 14:19:00,116
user_2,24d3c294-28ad-4cd2-b68b-b87391f3851a,2025-03-27 05:30:00,124
user_3,4ceb01bd-7295-49bf-a8f4-c522a86a9752,2025-03-25 22:54:00,59
user_7,c4300421-b339-4607-b218-ccb26d9fbe67,2025-03-22 15:19:00,33
user_20,4ceb01bd-7295-49bf-a8f4-c522a86a9752,2025-03-26 00:20:00,297
user_1,b0da67e6-d015-4019-8004-5994ea869444,2025-03-27 19:09:00,52
user_6,1ed8b90e-21d6-4a7e-8e65-75b8d6a504dd,2025-03-20 11:50:00,276
user_12,c2756579-8c18-41d5-a28e-315306077904,2025-03-22 04:31:00,92
user_18,e072c1e1-a53d-42f3-8b95-be85ffb81050,2025-03-27 15:55:00,174
user_1,6f3c7854-0cfe-468e-8932-4d45da24d478,2025-03-26 07:07:00,51
user_20,5fa1a382-a95c-4ff2-b3c9-6aae0a9b38fa,2025-03-23 22:19:00,41
user_18,95b29b49-70d1-473e-a61f-cce28ebca5ba,2025-03-22 17:41:00,157
user_10,95b29b49-70d1-473e-a61f-cce28ebca5ba,2025-03-27 17:57:00,144
user_16,eb77dad0-bead-4b5b-930d-4835c1dc3d8e,2025-03-21 03:20:00,151
user_1,4c04c629-74e6-4fa7-8fcc-977f1881699a,2025-03-23 18:39:00,194
user_12,f7fe76b1-8c65-44ba-bf7a-5f0cb991baec,2025-03-27 18:30:00,137
user_10,698eaf17-aeec-49fa-800a-d68fce84c42c,2025-03-24 14:27:00,114
user_17,c47e53c0-36c1-4fa7-8f19-4b5000555f22,2025-03-27 10:43:00,230
user_20,8781ff72-5101-4d7c-832d-bfd0bf5d46e7,2025-03-24 10:50:00,55
user_8,c2756579-8c18-41d5-a28e-315306077904,2025-03-26 18:06:00,270
user_14,c1038167-518d-4f58-bc04-ebcdbc37173a,2025-03-24 21:30:00,168
user_19,9836e119-239e-4bf4-890f-98871ec557eb,2025-03-25 04:05:00,141
user_12,da2cbb0c-c279-4b5d-87ed-f0de5ae1554e,2025-03-24 05:15:00,255
user_15,4c04c629-74e6-4fa7-8fcc-977f1881699a,2025-03-24 07:10:00,282
user_6,ad4200db-1a54-4d7b-b036-61e0636731c4,2025-03-22 01:15:00,113
user_6,ff3c5351-576d-4ca9-bfa4-458396faa262,2025-03-21 14:07:00,174
user_1,29bf834d-3279-4931-a0ad-407aba52048f,2025-03-27 08:48:00,36
user_18,789458e2-581f-42b2-9449-dc861c2c188f,2025-03-27 22:11:00,272
user_1,e8d35b1c-de7d-4cc6-ad98-48fb445e42ea,2025-03-25 02:58:00,232
user_12,24d3c294-28ad-4cd2-b68b-b87391f3851a,2025-03-21 14:51:00,262
user_11,53feab99-b5f7-4364-9db7-a46e69efff13,2025-03-20 07:43:00,229
user_5,6f3c7854-0cfe-468e-8932-4d45da24d478,2025-03-27 12:15:00,277
user_18,8781ff72-5101-4d7c-832d-bfd0bf5d46e7,2025-03-21 08:58:00,35
user_18,96862068-1db3-4b7f-b00c-ba4c9a11784e,2025-03-26 08:42:00,189
user_10,24d3c294-28ad-4cd2-b68b-b87391f3851a,2025-03-23 18:43:00,86
user_4,6f3c7854-0cfe-468e-8932-4d45da24d478,2025-03-23 02:04:00,189
user_19,9f91337e-045e-4d13-9889-a092f70a0759,2025-03-26 12:28:00,164
user_8,ed81a907-844a-4f0c-9c65-b42c3cf08a29,2025-03-27 00:03:00,112
user_11,5d565953-5433-45e4-aa70-38c53892e216,2025-03-22 08:04:00,238
user_3,1ed8b90e-21d6-4a7e-8e65-75b8d6a504dd,2025-03-27 22:10:00,211
user_4,4c21cf0a-e968-4010-b81e-8b18f53dce6f,2025-03-26 05:20:00,180
user_8,5a3ddd29-00d2-4fdb-8cd5-1c67aa6ab4fa,2025-03-25 18:07:00,260
user_14,4077e7bc-0db4-4a70-b636-a5da499a0fb7,2025-03-20 06:10:00,225
user_1,4c04c629-74e6-4fa7-8fcc-977f1881699a,2025-03-27 06:32:00,165
user_17,8386a7c7-234f-4c87-8bd6-33f27582a1fe,2025-03-26 04:30:00,133
user_10,7482ac12-43f6-44d3-b9b3-141fffb72a79,2025-03-25 00:24:00,177
user_11,5263fecd-efb4-4593-a309-c56e57900757,2025-03-21 09:40:00,165
user_2,925dbf18-3933-48c1-b1eb-52f00d38a6c9,2025-03-26 23:34:00,277
user_12,5d565953-5433-45e4-aa70-38c53892e216,2025-03-23 10:28:00,32
user_7,f73ce5aa-208c-4f87-a07f-daf8fc75a537,2025-03-25 15:59:00,190
user_3,1921fdcd-db7e-45a4-9ccc-c9001f37d982,2025-03-26 11:23:00,215
user_13,9836e119-239e-4bf4-890f-98871ec557eb,2025-03-24 10:12:00,71
user_16,fd5e7209-4984-40a3-a5a3-36a0cfc65622,2025-03-22 16:12:00,299
user_16,24d3c294-28ad-4cd2-b68b-b87391f3851a,2025-03-22 15:55:00,225
user_17,8d2029d1-1859-4b2c-b053-d41134ed4f0d,2025-03-24 22:04:00,114
user_9,3cecd51a-9e36-435a-86d8-ac0e833110aa,2025-03-23 04:07:00,89
user_10,daf3dbe5-17b9-4c36-90dc-c83c70334d1e,2025-03-26 05:48:00,113
user_8,6c045eef-3221-4a2a-807c-15c18323316e,2025-03-20 02:18:00,159
user_1,72e62db9-4cb4-4f4c-a27c-15b8a18425cf,2025-03-26 20:50:00,137
user_20,96862068-1db3-4b7f-b00c-ba4c9a11784e,2025-03-26 11:54:00,31
user_3,5263fecd-efb4-4593-a309-c56e57900757,2025-03-24 08:20:00,63
user_19,96862068-1db3-4b7f-b00c-ba4c9a11784e,2025-03-21 14:33:00,110
user_12,b4da6eff-3a3f-4c02-bd20-f2f0a214f281,2025-03-20 00:33:00,163
user_12,ed8a8921-9e7d-4862-a4d0-4a06de798399,2025-03-23 05:46:00,155
user_12,5aa9bf34-0469-428d-9f0d-50034b2a43a7,2025-03-26 11:45:00,206
user_6,561d5f47-c8a6-42ac-a601-832ae98488a9,2025-03-25 02:00:00,249
user_19,3c5b0931-ef7a-4e04-97b7-0df4d2736b99,2025-03-21 02:38:00,105
user_19,6169b4c2-fe12-4c3c-b5c6-8e83e41efed9,2025-03-25 10:03:00,142
user_16,d346e287-f829-42d0-8ee2-fab3566b0014,2025-03-26 08:53:00,184
user_16,29bf834d-3279-4931-a0ad-407aba52048f,2025-03-21 08:11:00,60
user_9,99bc5097-cfd2-4a3b-bbd1-ad3fde4ee994,2025-03-23 05:18:00,101
user_13,4c0e8a7a-5704-4743-bcec-717f5b73d70a,2025-03-21 11:45:00,176
user_15,5a3ddd29-00d2-4fdb-8cd5-1c67aa6ab4fa,2025-03-24 16:32:00,284
user_14,561d5f47-c8a6-42ac-a601-832ae98488a9,2025-03-27 07:53:00,252
user_9,ed8a8921-9e7d-4862-a4d0-4a06de798399,2025-03-26 07:21:00,218
user_18,01db70b7-66b7-4ca6-8116-ba1c01d89e97,2025-03-24 16:12:00,233
user_8,5263fecd-efb4-4593-a309-c56e57900757,2025-03-26 04:44:00,160
user_1,3d281cb4-6350-4b25-87aa-caac36d0cc07,2025-03-20 06:06:00,204
user_15,4bf71f65-778f-4d41-99cc-2701ce721346,2025-03-27 12:33:00,179
user_15,faab0065-481d-4bd9-bf63-f1be93e632c3,2025-03-27 02:24:00,56
user_8,9214b33d-04e8-474e-995a-8dde7b2eef7c,2025-03-20 02:15:00,281
user_8,b0da67e6-d015-4019-8004-5994ea869444,2025-03-21 09:39:00,283
user_18,c47e53c0-36c1-4fa7-8f19-4b5000555f22,2025-03-23 23:24:00,237
user_6,3d281cb4-6350-4b25-87aa-caac36d0cc07,2025-03-23 13:33:00,217
user_19,daf3dbe5-17b9-4c36-90dc-c83c70334d1e,2025-03-24 16:15:00,111
user_6,9214b33d-04e8-474e-995a-8dde7b2eef7c,2025-03-24 08:59:00,104
user_5,39451509-ebba-4355-9120-53b0f1ca59d9,2025-03-23 00:01:00,215
user_19,4c21cf0a-e968-4010-b81e-8b18f53dce6f,2025-03-23 07:16:00,94
user_6,0c1d26c5-83c5-463b-9bad-2bc8408c1041,2025-03-21 23:45:00,269
user_1,9d1071b4-d33b-4fef-a90a-bf63f865aab1,2025-03-27 12:20:00,294
user_10,fd5e7209-4984-40a3-a5a3-36a0cfc65622,2025-03-22 17:52:00,150
user_18,ffcc487a-159c-4a5b-891b-63f3e99f2835,2025-03-20 07:40:00,95
user_8,e072c1e1-a53d-42f3-8b95-be85ffb81050,2025-03-25 17:06:00,197
user_15,9f91337e-045e-4d13-9889-a092f70a0759,2025-03-23 09:12:00,80
user_13,fcfd9761-8b4c-4623-8ec4-1cc54076852f,2025-03-27 00:58:00,172
user_6,72e62db9-4cb4-4f4c-a27c-15b8a18425cf,2025-03-25 02:50:00,149
user_4,41d4db2b-5d90-47e1-ac91-82da1f6c153f,2025-03-26 01:46:00,257
user_11,789458e2-581f-42b2-9449-dc861c2c188f,2025-03-26 14:24:00,124
user_4,5263fecd-efb4-4593-a309-c56e57900757,2025-03-23 15:04:00,173
user_17,d346e287-f829-42d0-8ee2-fab3566b0014,2025-03-20 07:29:00,117
user_4,90d2844f-7225-41e7-ad32-0eaf7d0666e8,2025-03-22 20:01:00,186
user_13,180fde10-4fa5-4f38-b969-b6883d55b893,2025-03-21 22:57:00,189
user_15,01db70b7-66b7-4ca6-8116-ba1c01d89e97,2025-03-25 05:42:00,109
user_16,b0da67e6-d015-4019-8004-5994ea869444,2025-03-22 21:07:00,209
user_14,9836e119-239e-4bf4-890f-98871ec557eb,2025-03-23 19:28:00,49
user_11,0c1d26c5-83c5-463b-9bad-2bc8408c1041,2025-03-24 12:39:00,225
user_6,4c0e8a7a-5704-4743-bcec-717f5b73d70a,2025-03-27 19:44:00,32
user_17,5d565953-5433-45e4-aa70-38c53892e216,2025-03-27 16:08:00,251
user_9,c4901d5a-bb44-4dc8-803c-f82f174a3e33,2025-03-26 04:11:00,150
user_4,4ceb01bd-7295-49bf-a8f4-c522a86a9752,2025-03-23 04:05:00,33
user_2,fdd5de8a-e163-479d-8a6c-6434b6e050dc,2025-03-21 03:01:00,275
user_9,c4300421-b339-4607-b218-ccb26d9fbe67,2025-03-27 15:05:00,299
user_2,116bc264-53e1-477a-bd9b-bf81d34442ee,2025-03-26 09:52:00,74
user_15,f7fe76b1-8c65-44ba-bf7a-5f0cb991baec,2025-03-22 13:15:00,92
user_15,1ed8b90e-21d6-4a7e-8e65-75b8d6a504dd,2025-03-22 10:00:00,213
user_5,29bf834d-3279-4931-a0ad-407aba52048f,2025-03-22 18:11:00,147
user_19,6169b4c2-fe12-4c3c-b5c6-8e83e41efed9,2025-03-21 05:35:00,230
user_6,4077e7bc-0db4-4a70-b636-a5da499a0fb7,2025-03-24 03:16:00,127
user_3,0a50614d-424d-4435-a0cb-91f301686ef2,2025-03-25 09:48:00,137
user_3,f7fe76b1-8c65-44ba-bf7a-5f0cb991baec,2025-03-27 10:37:00,161
user_3,76077e62-407b-40d6-8df3-b1646982249d,2025-03-23 18:34:00,245
user_2,116bc264-53e1-477a-bd9b-bf81d34442ee,2025-03-23 23:29:00,146
user_19,daf3dbe5-17b9-4c36-90dc-c83c70334d1e,2025-03-20 03:01:00,215
user_4,faab0065-481d-4bd9-bf63-f1be93e632c3,2025-03-23 18:03:00,39
user_3,1e117fd4-78e9-49c5-b702-675855c7e797,2025-03-21 21:37:00,109
user_19,569afd09-081f-4c99-9e79-6ecfd5a39fe6,2025-03-23 10:07:00,44
user_11,8781ff72-5101-4d7c-832d-bfd0bf5d46e7,2025-03-26 04:08:00,213
user_6,3b444d26-c821-41b3-b084-fff866867c1a,2025-03-23 01:33:00,101
user_12,01db70b7-66b7-4ca6-8116-ba1c01d89e97,2025-03-24 14:13:00,261
user_18,c47e53c0-36c1-4fa7-8f19-4b5000555f22,2025-03-21 17:13:00,300
user_18,180fde10-4fa5-4f38-b969-b6883d55b893,2025-03-20 06:16:00,120
user_12,fcfd9761-8b4c-4623-8ec4-1cc54076852f,2025-03-22 14:01:00,130
user_13,7482ac12-43f6-44d3-b9b3-141fffb72a79,2025-03-23 06:07:00,212
user_2,9d1071b4-d33b-4fef-a90a-bf63f865aab1,2025-03-23 04:19:00,205
user_18,7fd2e858-92ea-4e41-9678-ce58458c5d77,2025-03-26 23:54:00,81
user_13,b0da67e6-d015-4019-8004-5994ea869444,2025-03-23 16:05:00,59
user_2,d346e287-f829-42d0-8ee2-fab3566b0014,2025-03-26 16:11:00,247
user_6,3b444d26-c821-41b3-b084-fff866867c1a,2025-03-20 08:40:00,222
user_6,b4da6eff-3a3f-4c02-bd20-f2f0a214f281,2025-03-21 05:04:00,172
user_11,d346e287-f829-42d0-8ee2-fab3566b0014,2025-03-21 21:01:00,269
user_5,7fd2e858-92ea-4e41-9678-ce58458c5d77,2025-03-26 08:58:00,226
user_20,5fa1a382-a95c-4ff2-b3c9-6aae0a9b38fa,2025-03-25 15:15:00,160
user_10,72e62db9-4cb4-4f4c-a27c-15b8a18425cf,2025-03-20 17:50:00,177
user_9,9f91337e-045e-4d13-9889-a092f70a0759,2025-03-23 23:16:00,234
user_6,d6218190-075c-4ee6-ad19-ab84d7e51169,2025-03-20 21:24:00,284
user_9,c3ba119e-1390-4a2c-8b0a-3da740c8c37d,2025-03-23 23:26:00,196
user_8,bd721c1f-1f7b-4973-b8c2-7a7126ff2694,2025-03-24 02:36:00,80
user_11,d6218190-075c-4ee6-ad19-ab84d7e51169,2025-03-25 21:23:00,54
user_1,0a50614d-424d-4435-a0cb-91f301686ef2,2025-03-25 08:02:00,268
user_16,bd721c1f-1f7b-4973-b8c2-7a7126ff2694,2025-03-20 12:12:00,80
user_11,ed81a907-844a-4f0c-9c65-b42c3cf08a29,2025-03-24 00:52:00,190
user_19,9d1071b4-d33b-4fef-a90a-bf63f865aab1,2025-03-21 09:52:00,78
user_1,fdd5de8a-e163-479d-8a6c-6434b6e050dc,2025-03-25 20:05:00,133
user_8,b4da6eff-3a3f-4c02-bd20-f2f0a214f281,2025-03-25 07:50:00,156
user_16,bd721c1f-1f7b-4973-b8c2-7a7126ff2694,2025-03-20 10:02:00,179
user_14,561d5f47-c8a6-42ac-a601-832ae98488a9,2025-03-21 21:00:00,110
user_2,c47e53c0-36c1-4fa7-8f19-4b5000555f22,2025-03-21 00:10:00,291
user_9,0361865c-2633-4960-8d52-77234c9b261f,2025-03-26 18:56:00,108
user_16,0a50614d-424d-4435-a0cb-91f301686ef2,2025-03-26 00:00:00,34
user_12,fdd5de8a-e163-479d-8a6c-6434b6e050dc,2025-03-21 16:04:00,36
user_20,4c21cf0a-e968-4010-b81e-8b18f53dce6f,2025-03-22 12:06:00,238
user_9,3c5b0931-ef7a-4e04-97b7-0df4d2736b99,2025-03-21 05:25:00,185
user_18,daf3dbe5-17b9-4c36-90dc-c83c70334d1e,2025-03-26 11:03:00,60
user_19,3c5b0931-ef7a-4e04-97b7-0df4d2736b99,2025-03-26 14:43:00,219
user_1,fd5e7209-4984-40a3-a5a3-36a0cfc65622,2025-03-24 02:23:00,54
user_8,6169b4c2-fe12-4c3c-b5c6-8e83e41efed9,2025-03-26 08:56:00,74
user_7,4ceb01bd-7295-49bf-a8f4-c522a86a9752,2025-03-24 08:21:00,216
user_1,7482ac12-43f6-44d3-b9b3-141fffb72a79,2025-03-25 18:10:00,85
user_8,1ed8b90e-21d6-4a7e-8e65-75b8d6a504dd,2025-03-24 07:28:00,177
user_6,6169b4c2-fe12-4c3c-b5c6-8e83e41efed9,2025-03-22 07:04:00,91
user_10,c4901d5a-bb44-4dc8-803c-f82f174a3e33,2025-03-24 10:45:00,194
user_13,3d281cb4-6350-4b25-87aa-caac36d0cc07,2025-03-27 17:05:00,153
user_11,33a88bb9-0dd2-4e2a-b792-50ec3d52da17,2025-03-23 15:40:00,122
user_3,ed81a907-844a-4f0c-9c65-b42c3cf08a29,2025-03-26 19:51:00,44
user_2,b4da6eff-3a3f-4c02-bd20-f2f0a214f281,2025-03-24 21:17:00,54
user_10,a372ed0a-e2b5-49fd-838c-7797e5cf3af4,2025-03-26 07:02:00,229
user_3,41d4db2b-5d90-47e1-ac91-82da1f6c153f,2025-03-27 06:31:00,141
user_13,1921fdcd-db7e-45a4-9ccc-c9001f37d982,2025-03-27 17:23:00,172
user_3,4c0e8a7a-5704-4743-bcec-717f5b73d70a,2025-03-27 15:29:00,96
user_5,fcfd9761-8b4c-4623-8ec4-1cc54076852f,2025-03-26 10:48:00,128
user_18,5fa1a382-a95c-4ff2-b3c9-6aae0a9b38fa,2025-03-20 09:42:00,97
user_3,107103ab-0921-43b3-9c67-80c75433b5e0,2025-03-24 02:13:00,75
user_14,da2cbb0c-c279-4b5d-87ed-f0de5ae1554e,2025-03-20 02:51:00,58
user_6,b4da6eff-3a3f-4c02-bd20-f2f0a214f281,2025-03-27 08:13:00,72
user_3,6f3c7854-0cfe-468e-8932-4d45da24d478,2025-03-22 17:37:00,104
user_12,4c0e8a7a-5704-4743-bcec-717f5b73d70a,2025-03-25 21:07:00,90
user_15,476dad78-4f4e-44ec-a41d-fbc7f0fbbe8d,2025-03-20 06:44:00,95
user_14,daf3dbe5-17b9-4c36-90dc-c83c70334d1e,2025-03-25 07:01:00,58
user_13,180fde10-4fa5-4f38-b969-b6883d55b893,2025-03-20 11:43:00,157
user_17,d346e287-f829-42d0-8ee2-fab3566b0014,2025-03-26 20:38:00,78
user_1,7aaefc55-5b6c-4f4a-a77e-bcb66c50a4a9,2025-03-23 01:45:00,136
user_20,107103ab-0921-43b3-9c67-80c75433b5e0,2025-03-21 20:02:00,159
user_7,88c70fb7-9896-4fca-a890-dea089140ea6,2025-03-26 19:26:00,73
user_17,170fbfe0-ba42-4fc2-864d-188f1b22e527,2025-03-23 00:42:00,231
user_7,3d281cb4-6350-4b25-87aa-caac36d0cc07,2025-03-24 01:34:00,128
user_11,561d5f47-c8a6-42ac-a601-832ae98488a9,2025-03-25 17:57:00,287
user_1,e019460b-d274-4b70-a16f-4565226cbb36,2025-03-20 02:47:00,136
user_12,3c5b0931-ef7a-4e04-97b7-0df4d2736b99,2025-03-25 12:17:00,102
user_10,789458e2-581f-42b2-9449-dc861c2c188f,2025-03-21 15:43:00,197
user_12,1e117fd4-78e9-49c5-b702-675855c7e797,2025-03-25 03:38:00,144
user_12,ba3f6198-6927-4e9b-a339-6609f681c189,2025-03-21 10:21:00,116
user_8,698eaf17-aeec-49fa-800a-d68fce84c42c,2025-03-27 12:24:00,252
user_2,a372ed0a-e2b5-49fd-838c-7797e5cf3af4,2025-03-24 19:20:00,173
user_7,9d1071b4-d33b-4fef-a90a-bf63f865aab1,2025-03-26 17:21:00,206
user_3,fa4887cc-b6c5-4286-baa6-f5708c12def0,2025-03-27 01:13:00,277
user_8,698eaf17-aeec-49fa-800a-d68fce84c42c,2025-03-22 11:21:00,73
user_8,7aaefc55-5b6c-4f4a-a77e-bcb66c50a4a9,2025-03-27 12:42:00,85
user_19,4c0e8a7a-5704-4743-bcec-717f5b73d70a,2025-03-21 21:21:00,75
user_14,ba196b3a-e5c7-4102-8451-530759134eef,2025-03-23 07:08:00,153
user_10,2738a72b-0ff8-4ff6-b880-fb63bd1a8ae3,2025-03-26 13:52:00,265
user_18,4ceb01bd-7295-49bf-a8f4-c522a86a9752,2025-03-26 18:57:00,164
user_9,3c5b0931-ef7a-4e04-97b7-0df4d2736b99,2025-03-22 14:09:00,60
user_4,c1038167-518d-4f58-bc04-ebcdbc37173a,2025-03-22 16:01:00,147
user_20,99bc5097-cfd2-4a3b-bbd1-ad3fde4ee994,2025-03-23 07:55:00,69
user_15,f73ce5aa-208c-4f87-a07f-daf8fc75a537,2025-03-22 12:25:00,241
user_11,3b444d26-c821-41b3-b084-fff866867c1a,2025-03-21 09:43:00,182
user_15,ed8a8921-9e7d-4862-a4d0-4a06de798399,2025-03-22 03:58:00,67
user_7,8386a7c7-234f-4c87-8bd6-33f27582a1fe,2025-03-25 02:13:00,133
user_3,fdd5de8a-e163-479d-8a6c-6434b6e050dc,2025-03-23 05:35:00,147
user_15,e019460b-d274-4b70-a16f-4565226cbb36,2025-03-23 04:18:00,272
user_18,1921fdcd-db7e-45a4-9ccc-c9001f37d982,2025-03-26 19:00:00,81
user_17,180fde10-4fa5-4f38-b969-b6883d55b893,2025-03-25 06:54:00,258
user_18,76077e62-407b-40d6-8df3-b1646982249d,2025-03-23 11:50:00,62
user_9,eb77dad0-bead-4b5b-930d-4835c1dc3d8e,2025-03-22 03:45:00,99
user_16,7482ac12-43f6-44d3-b9b3-141fffb72a79,2025-03-23 21:53:00,218
user_2,4ceb01bd-7295-49bf-a8f4-c522a86a9752,2025-03-23 01:14:00,225
user_16,0a50614d-424d-4435-a0cb-91f301686ef2,2025-03-27 14:12:00,178
user_12,6f3c7854-0cfe-468e-8932-4d45da24d478,2025-03-20 11:14:00,251
user_16,e072c1e1-a53d-42f3-8b95-be85ffb81050,2025-03-27 17:53:00,190
user_7,e8d35b1c-de7d-4cc6-ad98-48fb445e42ea,2025-03-27 12:48:00,262
user_10,c3ba119e-1390-4a2c-8b0a-3da740c8c37d,2025-03-21 05:54:00,184
user_10,4bf71f65-778f-4d41-99cc-2701ce721346,2025-03-25 23:05:00,108
user_1,3ccce296-50c2-42f4-a0aa-27a7a7a18760,2025-03-21 05:44:00,138
user_3,4c21cf0a-e968-4010-b81e-8b18f53dce6f,2025-03-24 10:19:00,223
user_18,1921fdcd-db7e-45a4-9ccc-c9001f37d982,2025-03-22 09:11:00,274
user_10,da2cbb0c-c279-4b5d-87ed-f0de5ae1554e,2025-03-21 09:23:00,215
user_14,1921fdcd-db7e-45a4-9ccc-c9001f37d982,2025-03-23 12:37:00,246
user_16,5fa1a382-a95c-4ff2-b3c9-6aae0a9b38fa,2025-03-23 23:17:00,89
user_20,d1709182-bff5-4155-963d-11de8a93bb4b,2025-03-23 18:43:00,74
user_10,96862068-1db3-4b7f-b00c-ba4c9a11784e,2025-03-27 04:38:00,282
user_5,0a50614d-424d-4435-a0cb-91f301686ef2,2025-03-25 08:55:00,67
user_19,3cecd51a-9e36-435a-86d8-ac0e833110aa,2025-03-24 14:31:00,86
user_4,ff3c5351-576d-4ca9-bfa4-458396faa262,2025-03-23 19:15:00,97
user_12,3d281cb4-6350-4b25-87aa-caac36d0cc07,2025-03-21 02:47:00,174
user_8,99bc5097-cfd2-4a3b-bbd1-ad3fde4ee994,2025-03-20 05:50:00,69
user_16,a372ed0a-e2b5-49fd-838c-7797e5cf3af4,2025-03-24 07:59:00,249
user_6,2738a72b-0ff8-4ff6-b880-fb63bd1a8ae3,2025-03-20 20:25:00,64
user_18,1921fdcd-db7e-45a4-9ccc-c9001f37d982,2025-03-20 11:18:00,274
user_13,789458e2-581f-42b2-9449-dc861c2c188f,2025-03-26 22:13:00,239
user_12,c4300421-b339-4607-b218-ccb26d9fbe67,2025-03-20 05:05:00,184
user_13,c47e53c0-36c1-4fa7-8f19-4b5000555f22,2025-03-22 13:42:00,247
user_7,76077e62-407b-40d6-8df3-b1646982249d,2025-03-21 13:25:00,178
user_1,4bf71f65-778f-4d41-99cc-2701ce721346,2025-03-20 11:13:00,190
user_18,fa4887cc-b6c5-4286-baa6-f5708c12def0,2025-03-23 19:09:00,218
user_19,116bc264-53e1-477a-bd9b-bf81d34442ee,2025-03-23 13:16:00,37
user_4,c4300421-b339-4607-b218-ccb26d9fbe67,2025-03-25 17:38:00,220
user_11,e0e510dd-de2a-4f34-b27b-17a41b26c78a,2025-03-25 08:46:00,216
user_3,7fd2e858-92ea-4e41-9678-ce58458c5d77,2025-03-20 05:10:00,165
user_4,72e62db9-4cb4-4f4c-a27c-15b8a18425cf,2025-03-20 08:28:00,197
user_19,fcfd9761-8b4c-4623-8ec4-1cc54076852f,2025-03-20 03:00:00,77
user_20,4c04c629-74e6-4fa7-8fcc-977f1881699a,2025-03-25 07:32:00,193
user_15,107103ab-0921-43b3-9c67-80c75433b5e0,2025-03-21 05:04:00,119
user_4,4c0e8a7a-5704-4743-bcec-717f5b73d70a,2025-03-20 05:01:00,36
user_13,f7fe76b1-8c65-44ba-bf7a-5f0cb991baec,2025-03-22 13:57:00,240
user_13,476dad78-4f4e-44ec-a41d-fbc7f0fbbe8d,2025-03-21 13:34:00,130
user_20,67f571dd-7963-4213-b2cd-76fbbb87557b,2025-03-24 16:29:00,77
user_19,b4da6eff-3a3f-4c02-bd20-f2f0a214f281,2025-03-22 08:26:00,234
user_14,6169b4c2-fe12-4c3c-b5c6-8e83e41efed9,2025-03-25 04:31:00,105
user_1,9f91337e-045e-4d13-9889-a092f70a0759,2025-03-26 20:24:00,148
user_9,33a88bb9-0dd2-4e2a-b792-50ec3d52da17,2025-03-27 14:07:00,83
user_2,ffcc487a-159c-4a5b-891b-63f3e99f2835,2025-03-25 11:32:00,238
user_13,180fde10-4fa5-4f38-b969-b6883d55b893,2025-03-24 12:13:00,227
user_18,29bf834d-3279-4931-a0ad-407aba52048f,2025-03-23 19:48:00,145
user_4,ed81a907-844a-4f0c-9c65-b42c3cf08a29,2025-03-24 21:08:00,154
user_9,41d4db2b-5d90-47e1-ac91-82da1f6c153f,2025-03-27 15:21:00,294
user_6,c4300421-b339-4607-b218-ccb26d9fbe67,2025-03-25 14:57:00,98
user_6,b4da6eff-3a3f-4c02-bd20-f2f0a214f281,2025-03-27 20:23:00,270
user_7,72e62db9-4cb4-4f4c-a27c-15b8a18425cf,2025-03-27 01:12:00,189
user_13,76077e62-407b-40d6-8df3-b1646982249d,2025-03-24 13:52:00,57
user_2,f73ce5aa-208c-4f87-a07f-daf8fc75a537,2025-03-23 09:20:00,214
user_19,6c045eef-3221-4a2a-807c-15c18323316e,2025-03-25 22:14:00,60
user_3,c2756579-8c18-41d5-a28e-315306077904,2025-03-20 00:28:00,264
user_9,c1038167-518d-4f58-bc04-ebcdbc37173a,2025-03-24 17:44:00,49
user_12,3ccce296-50c2-42f4-a0aa-27a7a7a18760,2025-03-25 13:28:00,209
user_2,8d2029d1-1859-4b2c-b053-d41134ed4f0d,2025-03-24 20:39:00,270
user_8,6f3c7854-0cfe-468e-8932-4d45da24d478,2025-03-24 10:13:00,176
user_3,8d2029d1-1859-4b2c-b053-d41134ed4f0d,2025-03-20 23:40:00,213
user_15,b4da6eff-3a3f-4c02-bd20-f2f0a214f281,2025-03-26 01:58:00,174
user_3,fcfd9761-8b4c-4623-8ec4-1cc54076852f,2025-03-25 00:35:00,134
user_3,0451ec5a-c1b9-4481-9c97-27f0daebb4f3,2025-03-20 15:19:00,77
user_5,9836e119-239e-4bf4-890f-98871ec557eb,2025-03-23 02:30:00,228
user_14,b4da6eff-3a3f-4c02-bd20-f2f0a214f281,2025-03-24 01:58:00,88
user_2,e072c1e1-a53d-42f3-8b95-be85ffb81050,2025-03-26 09:11:00,106
user_11,3d281cb4-6350-4b25-87aa-caac36d0cc07,2025-03-22 09:19:00,77
user_9,a372ed0a-e2b5-49fd-838c-7797e5cf3af4,2025-03-27 02:32:00,150
